325;flags;0;True;meka.classifiers.multilabel.BPNN -E 770 -H 4 -r 0.034 -m 0.7;;7376;success;0.515;0.515;0.661;0.025;0.485;0.339;0.975;0.676;0.2;0.211;0.799;0.585;0.607;0.614;0.74;0.421;0.571;0.671;0.438;0.472;0.496;2.882;0.014;2.896;"[""0.800"", ""0.450"", ""0.525"", ""0.475"", ""0.750"", ""0.750"", ""0.875""]";"[""0.000"", ""0.087"", ""0.100"", ""0.160"", ""0.000"", ""0.000"", ""0.000""]";"[""0.800"", ""0.447"", ""0.500"", ""0.447"", ""0.750"", ""0.000"", ""0.000""]";"[""1.000"", ""0.944"", ""0.053"", ""1.000"", ""1.000"", ""0.000"", ""0.000""]";"[""0.800"", ""0.450"", ""0.475"", ""0.425"", ""0.750"", ""0.250"", ""0.125""]";"[""1.000"", ""0.950"", ""0.050"", ""0.950"", ""1.000"", ""0.000"", ""0.000""]";"[""-0.200"", ""-0.500"", ""0.425"", ""-0.525"", ""-0.250"", ""0.250"", ""0.125""]"
326;flags;0;False;meka.classifiers.multilabel.PS -P 5 -N 1;weka.classifiers.functions.Logistic -- -R 1e-05;16091;success;0.482;0.482;0.686;0.15;0.518;0.314;0.85;0.645;0.25;0.29;0.664;0.612;1.159;0.726;0.527;0.297;0.344;0.611;0.318;0.47;0.505;1.862;0.015;1.877;"[""0.750"", ""0.550"", ""0.525"", ""0.575"", ""0.750"", ""0.775"", ""0.875""]";"[""0.246"", ""0.000"", ""0.525"", ""0.000"", ""0.000"", ""0.000"", ""0.000""]";"[""0.829"", ""0.000"", ""0.500"", ""0.000"", ""0.750"", ""0.000"", ""0.000""]";"[""0.879"", ""0.000"", ""0.526"", ""0.000"", ""1.000"", ""0.000"", ""0.000""]";"[""0.825"", ""0.450"", ""0.475"", ""0.425"", ""0.750"", ""0.225"", ""0.125""]";"[""0.875"", ""0.000"", ""0.500"", ""0.000"", ""1.000"", ""0.000"", ""0.000""]";"[""-0.050"", ""0.450"", ""-0.025"", ""0.425"", ""-0.250"", ""0.225"", ""0.125""]"
327;flags;0;False;meka.classifiers.multilabel.CDN -Ic 82 -I 479;weka.classifiers.functions.SimpleLogistic -- -W 0.7000000000000001 -S;104099;success;0.55;0.55;0.711;0.075;0.45;0.289;0.925;0.698;0.325;0.278;0.767;0.594;0.629;0.684;0.71;0.53;0.542;0.697;0.513;0.576;0.593;1.45;0.731;2.181;"[""0.800"", ""0.700"", ""0.600"", ""0.525"", ""0.800"", ""0.700"", ""0.850""]";"[""0.000"", ""0.597"", ""0.542"", ""0.403"", ""0.458"", ""0.197"", ""0.000""]";"[""0.821"", ""0.800"", ""0.615"", ""0.469"", ""0.806"", ""0.200"", ""0.000""]";"[""0.970"", ""0.444"", ""0.421"", ""0.882"", ""0.967"", ""0.111"", ""0.000""]";"[""0.825"", ""0.450"", ""0.475"", ""0.425"", ""0.750"", ""0.225"", ""0.125""]";"[""0.975"", ""0.250"", ""0.325"", ""0.800"", ""0.900"", ""0.125"", ""0.025""]";"[""-0.150"", ""0.200"", ""0.150"", ""-0.375"", ""-0.150"", ""0.100"", ""0.100""]"
328;flags;0;False;meka.classifiers.multilabel.RAkEL -N 5 -P 4 -k 1 -M 7;weka.classifiers.bayes.BayesNet -- -D -Q weka.classifiers.bayes.net.search.local.LAGDHillClimber -- -P 1;92665;success;0.61;0.61;0.764;0.2;0.39;0.236;0.8;0.751;0.25;0.229;0.704;0.438;0.83;0.756;0.733;0.528;0.546;0.744;0.527;0.533;0.584;1.11;0.011;1.121;"[""0.825"", ""0.675"", ""0.725"", ""0.725"", ""0.750"", ""0.775"", ""0.875""]";"[""0.000"", ""0.587"", ""0.723"", ""0.687"", ""0.000"", ""0.000"", ""0.000""]";"[""0.825"", ""0.727"", ""0.682"", ""0.714"", ""0.750"", ""0.000"", ""0.000""]";"[""1.000"", ""0.444"", ""0.789"", ""0.588"", ""1.000"", ""0.000"", ""0.000""]";"[""0.825"", ""0.450"", ""0.475"", ""0.425"", ""0.750"", ""0.225"", ""0.125""]";"[""1.000"", ""0.275"", ""0.550"", ""0.350"", ""1.000"", ""0.000"", ""0.000""]";"[""-0.175"", ""0.175"", ""-0.075"", ""0.075"", ""-0.250"", ""0.225"", ""0.125""]"
329;flags;0;False;meka.classifiers.multilabel.LC;weka.classifiers.lazy.KStar -- -B 67 -M a;32253;success;0.428;0.428;0.621;0.075;0.572;0.379;0.925;0.529;0.35;0.421;0.589;0.737;1.397;0.602;0.565;0.521;0.503;0.583;0.504;0.499;0.546;0.486;0.128;0.614;"[""0.500"", ""0.650"", ""0.575"", ""0.625"", ""0.550"", ""0.700"", ""0.750""]";"[""0.375"", ""0.641"", ""0.569"", ""0.627"", ""0.480"", ""0.351"", ""0.322""]";"[""0.783"", ""0.583"", ""0.556"", ""0.550"", ""0.750"", ""0.286"", ""0.143""]";"[""0.545"", ""0.778"", ""0.526"", ""0.647"", ""0.600"", ""0.222"", ""0.200""]";"[""0.825"", ""0.450"", ""0.475"", ""0.425"", ""0.750"", ""0.225"", ""0.125""]";"[""0.575"", ""0.600"", ""0.450"", ""0.500"", ""0.600"", ""0.175"", ""0.175""]";"[""0.250"", ""-0.150"", ""0.025"", ""-0.075"", ""0.150"", ""0.050"", ""-0.050""]"
330;flags;0;False;meka.classifiers.multilabel.PS -P 4 -N 5;weka.classifiers.bayes.NaiveBayes -- -D;15003;success;0.47;0.47;0.689;0.075;0.53;0.311;0.925;0.649;0.175;0.259;0.661;0.605;1.146;0.744;0.511;0.403;0.359;0.606;0.378;0.494;0.533;0.264;0.004;0.268;"[""0.700"", ""0.550"", ""0.700"", ""0.575"", ""0.650"", ""0.775"", ""0.875""]";"[""0.000"", ""0.000"", ""0.675"", ""0.478"", ""0.518"", ""0.000"", ""0.000""]";"[""0.800"", ""0.000"", ""0.733"", ""0.500"", ""0.786"", ""0.000"", ""0.000""]";"[""0.848"", ""0.000"", ""0.579"", ""0.353"", ""0.733"", ""0.000"", ""0.000""]";"[""0.825"", ""0.450"", ""0.475"", ""0.425"", ""0.750"", ""0.225"", ""0.125""]";"[""0.875"", ""0.000"", ""0.375"", ""0.300"", ""0.700"", ""0.000"", ""0.000""]";"[""-0.050"", ""0.450"", ""0.100"", ""0.125"", ""0.050"", ""0.225"", ""0.125""]"
331;flags;0;False;meka.classifiers.multilabel.PS -P 5 -N 1;weka.classifiers.functions.Logistic -- -R 1e-05;16091.0;success;;;;;;;;;;;;;;;;;;;;;;;;;;;;;;;
332;flags;0;False;meka.classifiers.multilabel.PS -P 4 -N 3;weka.classifiers.rules.JRip -- -N 1.3 -E -P -O 5;1000000000.0;error;;;;;;;;;;;;;;;;;;;;;;;;;;;;;;;
333;flags;0;True;meka.classifiers.multilabel.RAkEL -N 5 -P 3 -k 1 -M 3;weka.classifiers.functions.MultilayerPerceptron -- -L 0.6 -M 0.0 -H 26 -D;215360.0;success;0.214;0.214;0.596;0.0;0.786;0.404;1.0;0.312;0.275;0.642;0.58;0.758;1.436;0.725;0.221;0.207;0.225;0.339;0.216;0.529;0.576;5.812;0.004;5.816;"[""0.200"", ""0.850"", ""0.675"", ""0.575"", ""0.250"", ""0.750"", ""0.875""]";"[""0.000"", ""0.852"", ""0.675"", ""0.000"", ""0.000"", ""0.000"", ""0.000""]";"[""0.000"", ""0.800"", ""0.650"", ""0.000"", ""0.000"", ""0.000"", ""0.000""]";"[""0.000"", ""0.889"", ""0.684"", ""0.000"", ""0.000"", ""0.000"", ""0.000""]";"[""0.800"", ""0.450"", ""0.475"", ""0.425"", ""0.750"", ""0.250"", ""0.125""]";"[""0.000"", ""0.500"", ""0.500"", ""0.000"", ""0.000"", ""0.000"", ""0.000""]";"[""0.800"", ""-0.050"", ""-0.025"", ""0.425"", ""0.750"", ""0.250"", ""0.125""]"
334;flags;0;False;meka.classifiers.multilabel.PS -P 4 -N 5;weka.classifiers.bayes.NaiveBayes -- -D;15003.0;success;;;;;;;;;;;;;;;;;;;;;;;;;;;;;;;
335;flags;0;True;meka.classifiers.multilabel.BPNN -E 770 -H 10 -r 0.005 -m 0.3;;10088.0;success;0.57;0.57;0.732;0.125;0.43;0.268;0.875;0.7;0.2;0.193;0.813;0.547;0.552;0.709;0.725;0.483;0.55;0.717;0.509;0.674;0.651;3.022;0.013;3.035;"[""0.800"", ""0.650"", ""0.600"", ""0.700"", ""0.750"", ""0.750"", ""0.875""]";"[""0.000"", ""0.651"", ""0.542"", ""0.704"", ""0.000"", ""0.000"", ""0.000""]";"[""0.800"", ""0.600"", ""0.615"", ""0.619"", ""0.750"", ""0.000"", ""0.000""]";"[""1.000"", ""0.667"", ""0.421"", ""0.765"", ""1.000"", ""0.000"", ""0.000""]";"[""0.800"", ""0.450"", ""0.475"", ""0.425"", ""0.750"", ""0.250"", ""0.125""]";"[""1.000"", ""0.500"", ""0.325"", ""0.525"", ""1.000"", ""0.000"", ""0.000""]";"[""-0.200"", ""-0.050"", ""0.150"", ""-0.100"", ""-0.250"", ""0.250"", ""0.125""]"
336;flags;0;False;meka.classifiers.multilabel.BPNN -E 770 -H 13 -r 0.034 -m 0.6;;11439.0;success;0.544;0.544;0.679;0.075;0.456;0.321;0.925;0.692;0.2;0.207;0.808;0.575;0.58;0.631;0.756;0.446;0.568;0.688;0.481;0.509;0.486;2.605;0.003;2.608;"[""0.825"", ""0.500"", ""0.375"", ""0.650"", ""0.750"", ""0.775"", ""0.875""]";"[""0.000"", ""0.302"", ""0.089"", ""0.502"", ""0.000"", ""0.000"", ""0.000""]";"[""0.825"", ""0.471"", ""0.412"", ""0.667"", ""0.750"", ""0.000"", ""0.000""]";"[""1.000"", ""0.889"", ""0.737"", ""0.353"", ""1.000"", ""0.000"", ""0.000""]";"[""0.825"", ""0.450"", ""0.475"", ""0.425"", ""0.750"", ""0.225"", ""0.125""]";"[""1.000"", ""0.850"", ""0.850"", ""0.225"", ""1.000"", ""0.000"", ""0.000""]";"[""-0.175"", ""-0.400"", ""-0.375"", ""0.200"", ""-0.250"", ""0.225"", ""0.125""]"
337;flags;0;False;meka.classifiers.multilabel.CDN -Ic 82 -I 479;weka.classifiers.functions.SimpleLogistic -- -W 0.7000000000000001 -S;104099;success;;;;;;;;;;;;;;;;;;;;;;;;;;;;;;;
338;flags;0;False;meka.classifiers.multilabel.BPNN -E 770 -H 10 -r 0.034 -m 0.3;;10083;success;0.56;0.56;0.704;0.2;0.44;0.296;0.8;0.704;0.175;0.205;0.815;0.58;0.581;0.679;0.695;0.477;0.502;0.687;0.449;0.496;0.464;2.403;0.004;2.407;"[""0.825"", ""0.575"", ""0.475"", ""0.650"", ""0.750"", ""0.775"", ""0.875""]";"[""0.000"", ""0.353"", ""0.000"", ""0.445"", ""0.000"", ""0.000"", ""0.000""]";"[""0.825"", ""0.571"", ""0.475"", ""0.714"", ""0.750"", ""0.000"", ""0.000""]";"[""1.000"", ""0.222"", ""1.000"", ""0.294"", ""1.000"", ""0.000"", ""0.000""]";"[""0.825"", ""0.450"", ""0.475"", ""0.425"", ""0.750"", ""0.225"", ""0.125""]";"[""1.000"", ""0.175"", ""1.000"", ""0.175"", ""1.000"", ""0.000"", ""0.000""]";"[""-0.175"", ""0.275"", ""-0.525"", ""0.250"", ""-0.250"", ""0.225"", ""0.125""]"
339;flags;0;False;meka.classifiers.multilabel.CDN -Ic 82 -I 479;weka.classifiers.functions.SimpleLogistic -- -W 0.7000000000000001 -S;104099;success;;;;;;;;;;;;;;;;;;;;;;;;;;;;;;;
340;flags;0;False;meka.classifiers.multilabel.RAkEL -N 5 -P 4 -k 1 -M 7;weka.classifiers.bayes.BayesNet -- -D -Q weka.classifiers.bayes.net.search.local.LAGDHillClimber -- -P 1;92665;success;;;;;;;;;;;;;;;;;;;;;;;;;;;;;;;
341;flags;0;True;meka.classifiers.multilabel.BPNN -E 770 -H 13 -r 0.005 -m 0.6;;11444;success;0.615;0.615;0.761;0.25;0.385;0.239;0.75;0.733;0.25;0.18;0.813;0.506;0.512;0.739;0.756;0.619;0.598;0.747;0.59;0.728;0.703;2.638;0.004;2.642;"[""0.800"", ""0.675"", ""0.725"", ""0.700"", ""0.750"", ""0.800"", ""0.875""]";"[""0.000"", ""0.664"", ""0.721"", ""0.672"", ""0.000"", ""0.458"", ""0.000""]";"[""0.800"", ""0.647"", ""0.722"", ""0.667"", ""0.750"", ""0.750"", ""0.000""]";"[""1.000"", ""0.611"", ""0.684"", ""0.588"", ""1.000"", ""0.300"", ""0.000""]";"[""0.800"", ""0.450"", ""0.475"", ""0.425"", ""0.750"", ""0.250"", ""0.125""]";"[""1.000"", ""0.425"", ""0.450"", ""0.375"", ""1.000"", ""0.100"", ""0.000""]";"[""-0.200"", ""0.025"", ""0.025"", ""0.050"", ""-0.250"", ""0.150"", ""0.125""]"
342;flags;0;True;meka.classifiers.multilabel.BPNN -E 770 -H 4 -r 0.034 -m 0.7;;7376;success;;;;;;;;;;;;;;;;;;;;;;;;;;;;;;;
343;flags;0;True;meka.classifiers.multilabel.RAkEL -N 0 -P 4 -k 1 -M 3;weka.classifiers.functions.MultilayerPerceptron -- -L 0.6 -M 0.3 -H 26;215360;success;0.184;0.184;0.571;0.0;0.816;0.429;1.0;0.274;0.325;0.651;0.559;0.792;1.502;0.634;0.198;0.182;0.201;0.302;0.191;0.504;0.551;6.316;0.007;6.323;"[""0.200"", ""0.750"", ""0.600"", ""0.575"", ""0.250"", ""0.750"", ""0.875""]";"[""0.000"", ""0.752"", ""0.600"", ""0.000"", ""0.000"", ""0.000"", ""0.000""]";"[""0.000"", ""0.700"", ""0.571"", ""0.000"", ""0.000"", ""0.000"", ""0.000""]";"[""0.000"", ""0.778"", ""0.632"", ""0.000"", ""0.000"", ""0.000"", ""0.000""]";"[""0.800"", ""0.450"", ""0.475"", ""0.425"", ""0.750"", ""0.250"", ""0.125""]";"[""0.000"", ""0.500"", ""0.525"", ""0.000"", ""0.000"", ""0.000"", ""0.000""]";"[""0.800"", ""-0.050"", ""-0.050"", ""0.425"", ""0.750"", ""0.250"", ""0.125""]"
344;flags;0;True;meka.classifiers.multilabel.BPNN -E 770 -H 4 -r 0.034 -m 0.3;;7376;success;0.513;0.513;0.682;0.075;0.487;0.318;0.925;0.676;0.175;0.214;0.804;0.582;0.584;0.657;0.672;0.363;0.499;0.664;0.417;0.593;0.63;2.486;0.002;2.488;"[""0.800"", ""0.575"", ""0.500"", ""0.525"", ""0.750"", ""0.750"", ""0.875""]";"[""0.000"", ""0.576"", ""0.000"", ""0.403"", ""0.000"", ""0.000"", ""0.000""]";"[""0.800"", ""0.524"", ""0.000"", ""0.469"", ""0.750"", ""0.000"", ""0.000""]";"[""1.000"", ""0.611"", ""0.000"", ""0.882"", ""1.000"", ""0.000"", ""0.000""]";"[""0.800"", ""0.450"", ""0.475"", ""0.425"", ""0.750"", ""0.250"", ""0.125""]";"[""1.000"", ""0.525"", ""0.025"", ""0.800"", ""1.000"", ""0.000"", ""0.000""]";"[""-0.200"", ""-0.075"", ""0.450"", ""-0.375"", ""-0.250"", ""0.250"", ""0.125""]"
345;flags;0;False;meka.classifiers.multilabel.RAkEL -N 5 -P 4 -k 1 -M 7;weka.classifiers.functions.MultilayerPerceptron -- -L 0.5 -M 0.3 -H 7;210039;success;0.495;0.495;0.704;0.125;0.505;0.296;0.875;0.642;0.25;0.347;0.672;0.542;1.028;0.718;0.603;0.503;0.48;0.656;0.489;0.525;0.588;4.677;0.019;4.696;"[""0.700"", ""0.725"", ""0.650"", ""0.650"", ""0.550"", ""0.775"", ""0.875""]";"[""0.547"", ""0.716"", ""0.649"", ""0.654"", ""0.480"", ""0.000"", ""0.000""]";"[""0.862"", ""0.706"", ""0.632"", ""0.571"", ""0.750"", ""0.000"", ""0.000""]";"[""0.758"", ""0.667"", ""0.632"", ""0.706"", ""0.600"", ""0.000"", ""0.000""]";"[""0.825"", ""0.450"", ""0.475"", ""0.425"", ""0.750"", ""0.225"", ""0.125""]";"[""0.725"", ""0.425"", ""0.475"", ""0.525"", ""0.600"", ""0.000"", ""0.000""]";"[""0.100"", ""0.025"", ""0.000"", ""-0.100"", ""0.150"", ""0.225"", ""0.125""]"
346;flags;0;False;meka.classifiers.multilabel.BPNN -E 750 -H 4 -r 0.034 -m 0.6;;7371;success;0.559;0.559;0.704;0.2;0.441;0.296;0.8;0.701;0.175;0.202;0.817;0.569;0.569;0.679;0.695;0.477;0.502;0.687;0.449;0.491;0.495;2.171;0.002;2.173;"[""0.825"", ""0.575"", ""0.475"", ""0.650"", ""0.750"", ""0.775"", ""0.875""]";"[""0.000"", ""0.353"", ""0.000"", ""0.445"", ""0.000"", ""0.000"", ""0.000""]";"[""0.825"", ""0.571"", ""0.475"", ""0.714"", ""0.750"", ""0.000"", ""0.000""]";"[""1.000"", ""0.222"", ""1.000"", ""0.294"", ""1.000"", ""0.000"", ""0.000""]";"[""0.825"", ""0.450"", ""0.475"", ""0.425"", ""0.750"", ""0.225"", ""0.125""]";"[""1.000"", ""0.175"", ""1.000"", ""0.175"", ""1.000"", ""0.000"", ""0.000""]";"[""-0.175"", ""0.275"", ""-0.525"", ""0.250"", ""-0.250"", ""0.225"", ""0.125""]"
347;flags;0;True;meka.classifiers.multilabel.BPNN -E 770 -H 10 -r 0.005 -m 0.7;;10088;success;0.529;0.529;0.696;0.15;0.471;0.304;0.85;0.578;0.25;0.207;0.807;0.539;0.565;0.672;0.687;0.487;0.516;0.679;0.494;0.677;0.651;1.562;0.001;1.563;"[""0.800"", ""0.575"", ""0.575"", ""0.650"", ""0.750"", ""0.650"", ""0.875""]";"[""0.000"", ""0.560"", ""0.530"", ""0.637"", ""0.000"", ""0.179"", ""0.000""]";"[""0.800"", ""0.529"", ""0.571"", ""0.588"", ""0.750"", ""0.167"", ""0.000""]";"[""1.000"", ""0.500"", ""0.421"", ""0.588"", ""1.000"", ""0.100"", ""0.000""]";"[""0.800"", ""0.450"", ""0.475"", ""0.425"", ""0.750"", ""0.250"", ""0.125""]";"[""1.000"", ""0.425"", ""0.350"", ""0.425"", ""1.000"", ""0.150"", ""0.000""]";"[""-0.200"", ""0.025"", ""0.125"", ""0.000"", ""-0.250"", ""0.100"", ""0.125""]"
348;flags;0;True;meka.classifiers.multilabel.BPNN -E 770 -H 13 -r 0.005 -m 0.6;;11444;success;;;;;;;;;;;;;;;;;;;;;;;;;;;;;;;
349;flags;0;True;meka.classifiers.multilabel.BPNN -E 770 -H 13 -r 0.005 -m 0.6;;11444;success;;;;;;;;;;;;;;;;;;;;;;;;;;;;;;;
350;flags;0;False;meka.classifiers.multilabel.BPNN -E 750 -H 4 -r 0.034 -m 0.6;;7371;success;;;;;;;;;;;;;;;;;;;;;;;;;;;;;;;
351;flags;0;True;meka.classifiers.multilabel.BPNN -E 770 -H 13 -r 0.005 -m 0.6;;11444;success;;;;;;;;;;;;;;;;;;;;;;;;;;;;;;;
352;flags;0;True;meka.classifiers.multilabel.BPNN -E 770 -H 13 -r 0.005 -m 0.6;;11444;success;;;;;;;;;;;;;;;;;;;;;;;;;;;;;;;
353;flags;0;True;meka.classifiers.multilabel.BPNN -E 770 -H 13 -r 0.005 -m 0.6;;11444;success;;;;;;;;;;;;;;;;;;;;;;;;;;;;;;;
354;flags;0;False;meka.classifiers.multilabel.BPNN -E 750 -H 4 -r 0.034 -m 0.6;;7371;success;;;;;;;;;;;;;;;;;;;;;;;;;;;;;;;
355;flags;0;False;meka.classifiers.multilabel.BPNN -E 750 -H 13 -r 0.034 -m 0.6;;11439;success;0.541;0.541;0.679;0.025;0.459;0.321;0.975;0.686;0.175;0.201;0.818;0.565;0.567;0.626;0.779;0.438;0.595;0.694;0.476;0.533;0.516;3.853;0.002;3.855;"[""0.825"", ""0.575"", ""0.500"", ""0.450"", ""0.750"", ""0.775"", ""0.875""]";"[""0.000"", ""0.353"", ""0.091"", ""0.159"", ""0.000"", ""0.000"", ""0.000""]";"[""0.825"", ""0.571"", ""0.487"", ""0.432"", ""0.750"", ""0.000"", ""0.000""]";"[""1.000"", ""0.222"", ""1.000"", ""0.941"", ""1.000"", ""0.000"", ""0.000""]";"[""0.825"", ""0.450"", ""0.475"", ""0.425"", ""0.750"", ""0.225"", ""0.125""]";"[""1.000"", ""0.175"", ""0.975"", ""0.925"", ""1.000"", ""0.000"", ""0.000""]";"[""-0.175"", ""0.275"", ""-0.500"", ""-0.500"", ""-0.250"", ""0.225"", ""0.125""]"
356;flags;0;True;meka.classifiers.multilabel.BPNN -E 750 -H 4 -r 0.034 -m 0.6;;7376;success;0.5;0.5;0.654;0.025;0.5;0.346;0.975;0.668;0.225;0.217;0.792;0.599;0.627;0.61;0.718;0.394;0.547;0.66;0.429;0.463;0.465;3.359;0.009;3.368;"[""0.800"", ""0.450"", ""0.500"", ""0.450"", ""0.750"", ""0.750"", ""0.875""]";"[""0.000"", ""0.234"", ""0.099"", ""0.159"", ""0.000"", ""0.000"", ""0.000""]";"[""0.800"", ""0.441"", ""0.333"", ""0.432"", ""0.750"", ""0.000"", ""0.000""]";"[""1.000"", ""0.833"", ""0.053"", ""0.941"", ""1.000"", ""0.000"", ""0.000""]";"[""0.800"", ""0.450"", ""0.475"", ""0.425"", ""0.750"", ""0.250"", ""0.125""]";"[""1.000"", ""0.850"", ""0.075"", ""0.925"", ""1.000"", ""0.000"", ""0.000""]";"[""-0.200"", ""-0.400"", ""0.400"", ""-0.500"", ""-0.250"", ""0.250"", ""0.125""]"
357;flags;0;True;meka.classifiers.multilabel.BPNN -E 770 -H 4 -r 0.005 -m 0.6;;7376;success;0.546;0.546;0.707;0.05;0.454;0.293;0.95;0.71;0.2;0.209;0.806;0.563;0.564;0.676;0.718;0.484;0.538;0.696;0.48;0.583;0.56;3.079;0.003;3.082;"[""0.800"", ""0.475"", ""0.700"", ""0.600"", ""0.750"", ""0.750"", ""0.875""]";"[""0.000"", ""0.087"", ""0.622"", ""0.434"", ""0.000"", ""0.000"", ""0.000""]";"[""0.800"", ""0.462"", ""0.818"", ""0.556"", ""0.750"", ""0.000"", ""0.000""]";"[""1.000"", ""1.000"", ""0.474"", ""0.294"", ""1.000"", ""0.000"", ""0.000""]";"[""0.800"", ""0.450"", ""0.475"", ""0.425"", ""0.750"", ""0.250"", ""0.125""]";"[""1.000"", ""0.975"", ""0.275"", ""0.225"", ""1.000"", ""0.000"", ""0.000""]";"[""-0.200"", ""-0.525"", ""0.200"", ""0.200"", ""-0.250"", ""0.250"", ""0.125""]"
358;flags;0;True;meka.classifiers.multilabel.BPNN -E 770 -H 4 -r 0.005 -m 0.6;;7376;success;;;;;;;;;;;;;;;;;;;;;;;;;;;;;;;
359;flags;0;False;meka.classifiers.multilabel.BPNN -E 770 -H 13 -r 0.005 -m 0.6;;11439;success;0.575;0.575;0.718;0.2;0.425;0.282;0.8;0.717;0.175;0.193;0.821;0.564;0.564;0.694;0.71;0.489;0.519;0.702;0.475;0.56;0.559;2.594;0.004;2.598;"[""0.825"", ""0.650"", ""0.525"", ""0.625"", ""0.750"", ""0.775"", ""0.875""]";"[""0.000"", ""0.488"", ""0.248"", ""0.495"", ""0.000"", ""0.000"", ""0.000""]";"[""0.825"", ""0.750"", ""0.500"", ""0.600"", ""0.750"", ""0.000"", ""0.000""]";"[""1.000"", ""0.333"", ""0.947"", ""0.353"", ""1.000"", ""0.000"", ""0.000""]";"[""0.825"", ""0.450"", ""0.475"", ""0.425"", ""0.750"", ""0.225"", ""0.125""]";"[""1.000"", ""0.200"", ""0.900"", ""0.250"", ""1.000"", ""0.000"", ""0.000""]";"[""-0.175"", ""0.250"", ""-0.425"", ""0.175"", ""-0.250"", ""0.225"", ""0.125""]"
360;flags;0;False;meka.classifiers.multilabel.BPNN -E 750 -H 13 -r 0.034 -m 0.6;;11439;success;0.541;0.541;0.679;0.025;0.459;0.321;0.975;0.686;0.175;0.201;0.818;0.565;0.567;0.626;0.779;0.438;0.595;0.694;0.476;0.533;0.516;2.487;0.003;2.49;"[""0.825"", ""0.575"", ""0.500"", ""0.450"", ""0.750"", ""0.775"", ""0.875""]";"[""0.000"", ""0.353"", ""0.091"", ""0.159"", ""0.000"", ""0.000"", ""0.000""]";"[""0.825"", ""0.571"", ""0.487"", ""0.432"", ""0.750"", ""0.000"", ""0.000""]";"[""1.000"", ""0.222"", ""1.000"", ""0.941"", ""1.000"", ""0.000"", ""0.000""]";"[""0.825"", ""0.450"", ""0.475"", ""0.425"", ""0.750"", ""0.225"", ""0.125""]";"[""1.000"", ""0.175"", ""0.975"", ""0.925"", ""1.000"", ""0.000"", ""0.000""]";"[""-0.175"", ""0.275"", ""-0.500"", ""-0.500"", ""-0.250"", ""0.225"", ""0.125""]"
361;flags;0;True;meka.classifiers.multilabel.BPNN -E 770 -H 13 -r 0.005 -m 0.6;;11444;success;;;;;;;;;;;;;;;;;;;;;;;;;;;;;;;
362;flags;0;False;meka.classifiers.multilabel.BPNN -E 750 -H 4 -r 0.034 -m 0.6;;7371;success;;;;;;;;;;;;;;;;;;;;;;;;;;;;;;;
363;flags;0;False;meka.classifiers.multilabel.BPNN -E 770 -H 13 -r 0.034 -m 0.6;;11439;success;;;;;;;;;;;;;;;;;;;;;;;;;;;;;;;
364;flags;0;True;meka.classifiers.multilabel.BPNN -E 770 -H 13 -r 0.005 -m 0.6;;11444;success;;;;;;;;;;;;;;;;;;;;;;;;;;;;;;;
365;flags;0;False;meka.classifiers.multilabel.BPNN -E 750 -H 4 -r 0.034 -m 0.6;;7371;success;;;;;;;;;;;;;;;;;;;;;;;;;;;;;;;
366;flags;0;True;meka.classifiers.multilabel.BPNN -E 750 -H 4 -r 0.005 -m 0.6;;7376;success;0.544;0.544;0.707;0.05;0.456;0.293;0.95;0.71;0.2;0.211;0.804;0.563;0.564;0.679;0.71;0.491;0.531;0.694;0.476;0.584;0.56;1.276;0.003;1.279;"[""0.800"", ""0.475"", ""0.675"", ""0.625"", ""0.750"", ""0.750"", ""0.875""]";"[""0.000"", ""0.087"", ""0.575"", ""0.440"", ""0.000"", ""0.000"", ""0.000""]";"[""0.800"", ""0.462"", ""0.800"", ""0.625"", ""0.750"", ""0.000"", ""0.000""]";"[""1.000"", ""1.000"", ""0.421"", ""0.294"", ""1.000"", ""0.000"", ""0.000""]";"[""0.800"", ""0.450"", ""0.475"", ""0.425"", ""0.750"", ""0.250"", ""0.125""]";"[""1.000"", ""0.975"", ""0.250"", ""0.200"", ""1.000"", ""0.000"", ""0.000""]";"[""-0.200"", ""-0.525"", ""0.225"", ""0.225"", ""-0.250"", ""0.250"", ""0.125""]"
367;flags;0;True;meka.classifiers.multilabel.BPNN -E 750 -H 13 -r 0.005 -m 0.6;;11444;success;0.608;0.608;0.754;0.225;0.392;0.246;0.775;0.727;0.25;0.18;0.814;0.507;0.513;0.731;0.748;0.602;0.583;0.74;0.57;0.732;0.705;2.72;0.002;2.722;"[""0.800"", ""0.675"", ""0.700"", ""0.700"", ""0.750"", ""0.775"", ""0.875""]";"[""0.000"", ""0.664"", ""0.699"", ""0.672"", ""0.000"", ""0.331"", ""0.000""]";"[""0.800"", ""0.647"", ""0.684"", ""0.667"", ""0.750"", ""0.667"", ""0.000""]";"[""1.000"", ""0.611"", ""0.684"", ""0.588"", ""1.000"", ""0.200"", ""0.000""]";"[""0.800"", ""0.450"", ""0.475"", ""0.425"", ""0.750"", ""0.250"", ""0.125""]";"[""1.000"", ""0.425"", ""0.475"", ""0.375"", ""1.000"", ""0.075"", ""0.000""]";"[""-0.200"", ""0.025"", ""0.000"", ""0.050"", ""-0.250"", ""0.175"", ""0.125""]"
368;flags;0;True;meka.classifiers.multilabel.BPNN -E 770 -H 13 -r 0.005 -m 0.6;;11444;success;;;;;;;;;;;;;;;;;;;;;;;;;;;;;;;
369;flags;0;True;meka.classifiers.multilabel.BPNN -E 770 -H 13 -r 0.005 -m 0.6;;11444;success;;;;;;;;;;;;;;;;;;;;;;;;;;;;;;;
370;flags;0;False;meka.classifiers.multilabel.BPNN -E 770 -H 4 -r 0.034 -m 0.6;;7371;success;0.559;0.559;0.704;0.2;0.441;0.296;0.8;0.701;0.175;0.208;0.814;0.57;0.57;0.679;0.695;0.477;0.502;0.687;0.449;0.491;0.495;2.164;0.004;2.168;"[""0.825"", ""0.575"", ""0.475"", ""0.650"", ""0.750"", ""0.775"", ""0.875""]";"[""0.000"", ""0.353"", ""0.000"", ""0.445"", ""0.000"", ""0.000"", ""0.000""]";"[""0.825"", ""0.571"", ""0.475"", ""0.714"", ""0.750"", ""0.000"", ""0.000""]";"[""1.000"", ""0.222"", ""1.000"", ""0.294"", ""1.000"", ""0.000"", ""0.000""]";"[""0.825"", ""0.450"", ""0.475"", ""0.425"", ""0.750"", ""0.225"", ""0.125""]";"[""1.000"", ""0.175"", ""1.000"", ""0.175"", ""1.000"", ""0.000"", ""0.000""]";"[""-0.175"", ""0.275"", ""-0.525"", ""0.250"", ""-0.250"", ""0.225"", ""0.125""]"
371;flags;0;True;meka.classifiers.multilabel.BPNN -E 770 -H 10 -r 0.005 -m 0.3;;10088;success;;;;;;;;;;;;;;;;;;;;;;;;;;;;;;;
372;flags;0;True;meka.classifiers.multilabel.BPNN -E 770 -H 13 -r 0.005 -m 0.6;;11444;success;;;;;;;;;;;;;;;;;;;;;;;;;;;;;;;
373;flags;0;False;meka.classifiers.multilabel.BPNN -E 750 -H 4 -r 0.034 -m 0.6;;7371;success;;;;;;;;;;;;;;;;;;;;;;;;;;;;;;;
374;flags;0;True;meka.classifiers.multilabel.BPNN -E 770 -H 13 -r 0.005 -m 0.6;;11444;success;;;;;;;;;;;;;;;;;;;;;;;;;;;;;;;
375;flags;0;False;meka.classifiers.multilabel.BPNN -E 750 -H 10 -r 0.005 -m 0.6;;10083;success;0.567;0.567;0.711;0.2;0.433;0.289;0.8;0.71;0.275;0.212;0.807;0.569;0.569;0.687;0.702;0.49;0.511;0.694;0.465;0.615;0.614;1.506;0.001;1.507;"[""0.825"", ""0.625"", ""0.475"", ""0.650"", ""0.750"", ""0.775"", ""0.875""]";"[""0.000"", ""0.481"", ""0.091"", ""0.445"", ""0.000"", ""0.000"", ""0.000""]";"[""0.825"", ""0.667"", ""0.474"", ""0.714"", ""0.750"", ""0.000"", ""0.000""]";"[""1.000"", ""0.333"", ""0.947"", ""0.294"", ""1.000"", ""0.000"", ""0.000""]";"[""0.825"", ""0.450"", ""0.475"", ""0.425"", ""0.750"", ""0.225"", ""0.125""]";"[""1.000"", ""0.225"", ""0.950"", ""0.175"", ""1.000"", ""0.000"", ""0.000""]";"[""-0.175"", ""0.225"", ""-0.475"", ""0.250"", ""-0.250"", ""0.225"", ""0.125""]"
376;flags;0;True;meka.classifiers.multilabel.BPNN -E 770 -H 13 -r 0.005 -m 0.6;;11444;success;;;;;;;;;;;;;;;;;;;;;;;;;;;;;;;
377;flags;0;True;meka.classifiers.multilabel.BPNN -E 770 -H 13 -r 0.005 -m 0.6;;11444;success;;;;;;;;;;;;;;;;;;;;;;;;;;;;;;;
378;flags;0;True;meka.classifiers.multilabel.BPNN -E 770 -H 4 -r 0.034 -m 0.3;;7376;success;;;;;;;;;;;;;;;;;;;;;;;;;;;;;;;
379;flags;0;True;meka.classifiers.multilabel.BPNN -E 770 -H 13 -r 0.005 -m 0.6;;11444;success;;;;;;;;;;;;;;;;;;;;;;;;;;;;;;;
380;flags;0;True;meka.classifiers.multilabel.BPNN -E 770 -H 13 -r 0.005 -m 0.6;;11444;success;;;;;;;;;;;;;;;;;;;;;;;;;;;;;;;
381;flags;0;False;meka.classifiers.multilabel.BPNN -E 770 -H 4 -r 0.034 -m 0.6;;7371;success;;;;;;;;;;;;;;;;;;;;;;;;;;;;;;;
382;flags;0;False;meka.classifiers.multilabel.BPNN -E 750 -H 4 -r 0.034 -m 0.6;;7371;success;;;;;;;;;;;;;;;;;;;;;;;;;;;;;;;
383;flags;0;True;meka.classifiers.multilabel.BPNN -E 770 -H 13 -r 0.005 -m 0.6;;11444;success;;;;;;;;;;;;;;;;;;;;;;;;;;;;;;;
384;flags;0;False;meka.classifiers.multilabel.BPNN -E 750 -H 4 -r 0.034 -m 0.6;;7371;success;;;;;;;;;;;;;;;;;;;;;;;;;;;;;;;
385;flags;0;False;meka.classifiers.multilabel.BPNN -E 750 -H 4 -r 0.034 -m 0.6;;7371;success;;;;;;;;;;;;;;;;;;;;;;;;;;;;;;;
386;flags;0;False;meka.classifiers.multilabel.BPNN -E 770 -H 4 -r 0.005 -m 0.6;;7371;success;0.545;0.545;0.689;0.125;0.455;0.311;0.875;0.69;0.225;0.207;0.808;0.575;0.575;0.651;0.725;0.432;0.539;0.686;0.48;0.558;0.558;1.931;0.004;1.935;"[""0.825"", ""0.525"", ""0.550"", ""0.525"", ""0.750"", ""0.775"", ""0.875""]";"[""0.000"", ""0.526"", ""0.543"", ""0.528"", ""0.000"", ""0.000"", ""0.000""]";"[""0.825"", ""0.476"", ""0.522"", ""0.455"", ""0.750"", ""0.000"", ""0.000""]";"[""1.000"", ""0.556"", ""0.632"", ""0.588"", ""1.000"", ""0.000"", ""0.000""]";"[""0.825"", ""0.450"", ""0.475"", ""0.425"", ""0.750"", ""0.225"", ""0.125""]";"[""1.000"", ""0.525"", ""0.575"", ""0.550"", ""1.000"", ""0.000"", ""0.000""]";"[""-0.175"", ""-0.075"", ""-0.100"", ""-0.125"", ""-0.250"", ""0.225"", ""0.125""]"
387;flags;0;True;meka.classifiers.multilabel.BPNN -E 750 -H 13 -r 0.005 -m 0.6;;11444;success;;;;;;;;;;;;;;;;;;;;;;;;;;;;;;;
388;flags;0;True;meka.classifiers.multilabel.BPNN -E 770 -H 13 -r 0.005 -m 0.6;;11444;success;;;;;;;;;;;;;;;;;;;;;;;;;;;;;;;
389;flags;0;True;meka.classifiers.multilabel.BPNN -E 770 -H 13 -r 0.034 -m 0.6;;11444;success;0.526;0.526;0.696;0.05;0.474;0.304;0.95;0.683;0.2;0.21;0.802;0.548;0.548;0.672;0.687;0.495;0.509;0.679;0.46;0.616;0.613;2.474;0.001;2.475;"[""0.800"", ""0.450"", ""0.600"", ""0.675"", ""0.750"", ""0.750"", ""0.850""]";"[""0.000"", ""0.087"", ""0.408"", ""0.509"", ""0.000"", ""0.000"", ""0.000""]";"[""0.800"", ""0.447"", ""0.714"", ""0.750"", ""0.750"", ""0.000"", ""0.000""]";"[""1.000"", ""0.944"", ""0.263"", ""0.353"", ""1.000"", ""0.000"", ""0.000""]";"[""0.800"", ""0.450"", ""0.475"", ""0.425"", ""0.750"", ""0.250"", ""0.125""]";"[""1.000"", ""0.950"", ""0.175"", ""0.200"", ""1.000"", ""0.000"", ""0.025""]";"[""-0.200"", ""-0.500"", ""0.300"", ""0.225"", ""-0.250"", ""0.250"", ""0.100""]"
390;flags;0;False;meka.classifiers.multilabel.BPNN -E 770 -H 4 -r 0.034 -m 0.6;;7371;success;;;;;;;;;;;;;;;;;;;;;;;;;;;;;;;
391;flags;0;False;meka.classifiers.multilabel.BPNN -E 770 -H 4 -r 0.034 -m 0.6;;7371;success;;;;;;;;;;;;;;;;;;;;;;;;;;;;;;;
392;flags;0;False;meka.classifiers.multilabel.BPNN -E 770 -H 4 -r 0.005 -m 0.6;;7371;success;;;;;;;;;;;;;;;;;;;;;;;;;;;;;;;
393;flags;0;True;meka.classifiers.multilabel.BPNN -E 770 -H 13 -r 0.005 -m 0.6;;11444;success;;;;;;;;;;;;;;;;;;;;;;;;;;;;;;;
394;flags;0;True;meka.classifiers.multilabel.BPNN -E 770 -H 13 -r 0.005 -m 0.6;;11444;success;;;;;;;;;;;;;;;;;;;;;;;;;;;;;;;
395;flags;0;False;meka.classifiers.multilabel.BPNN -E 770 -H 4 -r 0.034 -m 0.6;;7371;success;;;;;;;;;;;;;;;;;;;;;;;;;;;;;;;
396;flags;0;True;meka.classifiers.multilabel.BPNN -E 770 -H 13 -r 0.005 -m 0.6;;11444;success;;;;;;;;;;;;;;;;;;;;;;;;;;;;;;;
397;flags;0;False;meka.classifiers.multilabel.BPNN -E 770 -H 4 -r 0.005 -m 0.6;;7371;success;;;;;;;;;;;;;;;;;;;;;;;;;;;;;;;
398;flags;0;True;meka.classifiers.multilabel.BPNN -E 770 -H 10 -r 0.005 -m 0.3;;10088;success;;;;;;;;;;;;;;;;;;;;;;;;;;;;;;;
399;flags;0;False;meka.classifiers.multilabel.BPNN -E 770 -H 4 -r 0.005 -m 0.6;;7371;success;;;;;;;;;;;;;;;;;;;;;;;;;;;;;;;
400;flags;0;False;meka.classifiers.multilabel.BPNN -E 770 -H 4 -r 0.005 -m 0.6;;7371;success;;;;;;;;;;;;;;;;;;;;;;;;;;;;;;;
401;flags;0;False;meka.classifiers.multilabel.BPNN -E 770 -H 4 -r 0.005 -m 0.6;;7371;success;;;;;;;;;;;;;;;;;;;;;;;;;;;;;;;
402;flags;0;True;meka.classifiers.multilabel.BPNN -E 770 -H 13 -r 0.005 -m 0.6;;11444;success;;;;;;;;;;;;;;;;;;;;;;;;;;;;;;;
403;flags;0;True;meka.classifiers.multilabel.BPNN -E 770 -H 13 -r 0.005 -m 0.6;;11444;success;;;;;;;;;;;;;;;;;;;;;;;;;;;;;;;
404;flags;0;False;meka.classifiers.multilabel.BPNN -E 770 -H 4 -r 0.005 -m 0.6;;7371;success;;;;;;;;;;;;;;;;;;;;;;;;;;;;;;;
405;flags;0;True;meka.classifiers.multilabel.BPNN -E 770 -H 4 -r 0.005 -m 0.6;;7376;success;;;;;;;;;;;;;;;;;;;;;;;;;;;;;;;
406;flags;0;False;meka.classifiers.multilabel.BPNN -E 770 -H 4 -r 0.005 -m 0.6;;7371;success;;;;;;;;;;;;;;;;;;;;;;;;;;;;;;;
407;flags;0;False;meka.classifiers.multilabel.BPNN -E 770 -H 4 -r 0.005 -m 0.6;;7371;success;;;;;;;;;;;;;;;;;;;;;;;;;;;;;;;
408;flags;0;False;meka.classifiers.multilabel.BPNN -E 770 -H 13 -r 0.005 -m 0.6;;11439;success;;;;;;;;;;;;;;;;;;;;;;;;;;;;;;;
409;flags;0;False;meka.classifiers.multilabel.BPNN -E 770 -H 4 -r 0.005 -m 0.6;;7371;success;;;;;;;;;;;;;;;;;;;;;;;;;;;;;;;
410;flags;0;True;meka.classifiers.multilabel.BPNN -E 770 -H 13 -r 0.005 -m 0.6;;11444;success;;;;;;;;;;;;;;;;;;;;;;;;;;;;;;;
411;flags;0;False;meka.classifiers.multilabel.BPNN -E 770 -H 4 -r 0.005 -m 0.6;;7371;success;;;;;;;;;;;;;;;;;;;;;;;;;;;;;;;
412;flags;0;True;meka.classifiers.multilabel.BPNN -E 770 -H 13 -r 0.005 -m 0.6;;11444;success;;;;;;;;;;;;;;;;;;;;;;;;;;;;;;;
413;flags;0;False;meka.classifiers.multilabel.BPNN -E 770 -H 4 -r 0.005 -m 0.6;;7371;success;;;;;;;;;;;;;;;;;;;;;;;;;;;;;;;
414;flags;0;False;meka.classifiers.multilabel.BPNN -E 770 -H 4 -r 0.005 -m 0.6;;7371;success;;;;;;;;;;;;;;;;;;;;;;;;;;;;;;;
415;flags;0;True;meka.classifiers.multilabel.BPNN -E 770 -H 13 -r 0.005 -m 0.6;;11444;success;;;;;;;;;;;;;;;;;;;;;;;;;;;;;;;
416;flags;0;True;meka.classifiers.multilabel.BPNN -E 770 -H 13 -r 0.005 -m 0.6;;11444;success;;;;;;;;;;;;;;;;;;;;;;;;;;;;;;;
417;flags;0;False;meka.classifiers.multilabel.BPNN -E 770 -H 4 -r 0.005 -m 0.6;;7371;success;;;;;;;;;;;;;;;;;;;;;;;;;;;;;;;
418;flags;0;False;meka.classifiers.multilabel.BPNN -E 770 -H 4 -r 0.005 -m 0.6;;7371;success;;;;;;;;;;;;;;;;;;;;;;;;;;;;;;;
419;flags;0;True;meka.classifiers.multilabel.BPNN -E 770 -H 13 -r 0.005 -m 0.6;;11444;success;;;;;;;;;;;;;;;;;;;;;;;;;;;;;;;
420;flags;0;False;meka.classifiers.multilabel.BPNN -E 770 -H 4 -r 0.005 -m 0.6;;7371;success;;;;;;;;;;;;;;;;;;;;;;;;;;;;;;;
421;flags;0;True;meka.classifiers.multilabel.BPNN -E 770 -H 13 -r 0.005 -m 0.6;;11444;success;;;;;;;;;;;;;;;;;;;;;;;;;;;;;;;
422;flags;0;True;meka.classifiers.multilabel.BPNN -E 770 -H 13 -r 0.005 -m 0.6;;11444;success;;;;;;;;;;;;;;;;;;;;;;;;;;;;;;;
423;flags;0;True;meka.classifiers.multilabel.BPNN -E 770 -H 13 -r 0.005 -m 0.6;;11444;success;;;;;;;;;;;;;;;;;;;;;;;;;;;;;;;
424;flags;0;False;meka.classifiers.multilabel.BPNN -E 770 -H 4 -r 0.005 -m 0.6;;7371;success;;;;;;;;;;;;;;;;;;;;;;;;;;;;;;;
425;flags;0;False;meka.classifiers.multilabel.BPNN -E 770 -H 4 -r 0.005 -m 0.6;;7371;success;;;;;;;;;;;;;;;;;;;;;;;;;;;;;;;
426;flags;0;True;meka.classifiers.multilabel.BPNN -E 770 -H 13 -r 0.005 -m 0.6;;11444;success;;;;;;;;;;;;;;;;;;;;;;;;;;;;;;;
427;flags;0;False;meka.classifiers.multilabel.BPNN -E 770 -H 10 -r 0.005 -m 0.3;;10083;success;0.526;0.526;0.679;0.125;0.474;0.321;0.875;0.673;0.2;0.223;0.803;0.572;0.572;0.643;0.702;0.513;0.534;0.672;0.502;0.566;0.549;1.344;0.002;1.346;"[""0.825"", ""0.650"", ""0.650"", ""0.525"", ""0.750"", ""0.475"", ""0.875""]";"[""0.000"", ""0.536"", ""0.565"", ""0.503"", ""0.000"", ""0.316"", ""0.000""]";"[""0.825"", ""0.700"", ""0.727"", ""0.462"", ""0.750"", ""0.125"", ""0.000""]";"[""1.000"", ""0.389"", ""0.421"", ""0.706"", ""1.000"", ""0.222"", ""0.000""]";"[""0.825"", ""0.450"", ""0.475"", ""0.425"", ""0.750"", ""0.225"", ""0.125""]";"[""1.000"", ""0.250"", ""0.275"", ""0.650"", ""1.000"", ""0.400"", ""0.000""]";"[""-0.175"", ""0.200"", ""0.200"", ""-0.225"", ""-0.250"", ""-0.175"", ""0.125""]"
428;flags;0;False;meka.classifiers.multilabel.BPNN -E 770 -H 4 -r 0.005 -m 0.6;;7371;success;;;;;;;;;;;;;;;;;;;;;;;;;;;;;;;
429;flags;0;True;meka.classifiers.multilabel.BPNN -E 770 -H 10 -r 0.005 -m 0.3;;10088;success;;;;;;;;;;;;;;;;;;;;;;;;;;;;;;;
430;flags;0;True;meka.classifiers.multilabel.BPNN -E 770 -H 4 -r 0.005 -m 0.6;;7376;success;;;;;;;;;;;;;;;;;;;;;;;;;;;;;;;
431;flags;0;False;meka.classifiers.multilabel.BPNN -E 770 -H 4 -r 0.005 -m 0.6;;7371;success;;;;;;;;;;;;;;;;;;;;;;;;;;;;;;;
432;flags;0;True;meka.classifiers.multilabel.BPNN -E 770 -H 13 -r 0.005 -m 0.6;;11444;success;;;;;;;;;;;;;;;;;;;;;;;;;;;;;;;
433;flags;0;False;meka.classifiers.multilabel.BPNN -E 770 -H 4 -r 0.005 -m 0.3;;7371;success;0.56;0.56;0.711;0.1;0.44;0.289;0.9;0.7;0.2;0.207;0.811;0.57;0.57;0.676;0.733;0.475;0.551;0.703;0.489;0.559;0.53;2.054;0.003;2.057;"[""0.825"", ""0.600"", ""0.625"", ""0.525"", ""0.750"", ""0.775"", ""0.875""]";"[""0.000"", ""0.574"", ""0.468"", ""0.478"", ""0.000"", ""0.000"", ""0.000""]";"[""0.825"", ""0.538"", ""0.750"", ""0.464"", ""0.750"", ""0.000"", ""0.000""]";"[""1.000"", ""0.778"", ""0.316"", ""0.765"", ""1.000"", ""0.000"", ""0.000""]";"[""0.825"", ""0.450"", ""0.475"", ""0.425"", ""0.750"", ""0.225"", ""0.125""]";"[""1.000"", ""0.650"", ""0.200"", ""0.700"", ""1.000"", ""0.000"", ""0.000""]";"[""-0.175"", ""-0.200"", ""0.275"", ""-0.275"", ""-0.250"", ""0.225"", ""0.125""]"
434;flags;0;True;meka.classifiers.multilabel.BPNN -E 770 -H 13 -r 0.005 -m 0.6;;11444;success;;;;;;;;;;;;;;;;;;;;;;;;;;;;;;;
435;flags;0;True;meka.classifiers.multilabel.BPNN -E 770 -H 13 -r 0.005 -m 0.6;;11444;success;;;;;;;;;;;;;;;;;;;;;;;;;;;;;;;
436;flags;0;False;meka.classifiers.multilabel.BPNN -E 770 -H 10 -r 0.005 -m 0.6;;10083;success;0.595;0.595;0.721;0.2;0.405;0.279;0.8;0.715;0.2;0.196;0.822;0.562;0.562;0.685;0.748;0.481;0.56;0.715;0.503;0.566;0.589;2.582;0.002;2.584;"[""0.825"", ""0.625"", ""0.500"", ""0.700"", ""0.750"", ""0.775"", ""0.875""]";"[""0.000"", ""0.564"", ""0.173"", ""0.645"", ""0.000"", ""0.000"", ""0.000""]";"[""0.825"", ""0.615"", ""0.486"", ""0.692"", ""0.750"", ""0.000"", ""0.000""]";"[""1.000"", ""0.444"", ""0.947"", ""0.529"", ""1.000"", ""0.000"", ""0.000""]";"[""0.825"", ""0.450"", ""0.475"", ""0.425"", ""0.750"", ""0.225"", ""0.125""]";"[""1.000"", ""0.325"", ""0.925"", ""0.325"", ""1.000"", ""0.000"", ""0.000""]";"[""-0.175"", ""0.125"", ""-0.450"", ""0.100"", ""-0.250"", ""0.225"", ""0.125""]"
437;flags;0;True;meka.classifiers.multilabel.BPNN -E 770 -H 13 -r 0.005 -m 0.6;;11444;success;;;;;;;;;;;;;;;;;;;;;;;;;;;;;;;
438;flags;0;False;meka.classifiers.multilabel.BPNN -E 770 -H 4 -r 0.005 -m 0.6;;7371;success;;;;;;;;;;;;;;;;;;;;;;;;;;;;;;;
439;flags;0;False;meka.classifiers.multilabel.BPNN -E 770 -H 4 -r 0.005 -m 0.3;;7371;success;;;;;;;;;;;;;;;;;;;;;;;;;;;;;;;
440;flags;0;True;meka.classifiers.multilabel.BPNN -E 770 -H 10 -r 0.005 -m 0.3;;10088;success;;;;;;;;;;;;;;;;;;;;;;;;;;;;;;;
441;flags;0;True;meka.classifiers.multilabel.BPNN -E 770 -H 10 -r 0.005 -m 0.3;;10088;success;;;;;;;;;;;;;;;;;;;;;;;;;;;;;;;
442;flags;0;True;meka.classifiers.multilabel.BPNN -E 770 -H 13 -r 0.005 -m 0.6;;11444;success;;;;;;;;;;;;;;;;;;;;;;;;;;;;;;;
443;flags;0;False;meka.classifiers.multilabel.BPNN -E 770 -H 4 -r 0.005 -m 0.3;;7371;success;;;;;;;;;;;;;;;;;;;;;;;;;;;;;;;
444;flags;0;True;meka.classifiers.multilabel.BPNN -E 770 -H 13 -r 0.005 -m 0.6;;11444;success;;;;;;;;;;;;;;;;;;;;;;;;;;;;;;;
445;flags;0;False;meka.classifiers.multilabel.BPNN -E 770 -H 4 -r 0.005 -m 0.3;;7371;success;;;;;;;;;;;;;;;;;;;;;;;;;;;;;;;
446;flags;0;True;meka.classifiers.multilabel.BPNN -E 770 -H 13 -r 0.005 -m 0.6;;11444;success;;;;;;;;;;;;;;;;;;;;;;;;;;;;;;;
447;flags;0;True;meka.classifiers.multilabel.BPNN -E 770 -H 13 -r 0.005 -m 0.6;;11444;success;;;;;;;;;;;;;;;;;;;;;;;;;;;;;;;
448;flags;0;False;meka.classifiers.multilabel.BPNN -E 770 -H 4 -r 0.005 -m 0.3;;7371;success;;;;;;;;;;;;;;;;;;;;;;;;;;;;;;;
449;flags;0;False;meka.classifiers.multilabel.BPNN -E 770 -H 4 -r 0.005 -m 0.3;;7371;success;;;;;;;;;;;;;;;;;;;;;;;;;;;;;;;
450;flags;0;True;meka.classifiers.multilabel.BPNN -E 770 -H 13 -r 0.005 -m 0.6;;11444;success;;;;;;;;;;;;;;;;;;;;;;;;;;;;;;;
451;flags;0;True;meka.classifiers.multilabel.BPNN -E 770 -H 13 -r 0.005 -m 0.6;;11444;success;;;;;;;;;;;;;;;;;;;;;;;;;;;;;;;
452;flags;0;True;meka.classifiers.multilabel.BPNN -E 770 -H 13 -r 0.005 -m 0.6;;11444;success;;;;;;;;;;;;;;;;;;;;;;;;;;;;;;;
453;flags;0;False;meka.classifiers.multilabel.BPNN -E 770 -H 4 -r 0.005 -m 0.6;;7371;success;;;;;;;;;;;;;;;;;;;;;;;;;;;;;;;
454;flags;0;False;meka.classifiers.multilabel.BPNN -E 770 -H 4 -r 0.005 -m 0.3;;7371;success;;;;;;;;;;;;;;;;;;;;;;;;;;;;;;;
455;flags;0;True;meka.classifiers.multilabel.BPNN -E 770 -H 13 -r 0.005 -m 0.6;;11444;success;;;;;;;;;;;;;;;;;;;;;;;;;;;;;;;
456;flags;0;True;meka.classifiers.multilabel.BPNN -E 770 -H 13 -r 0.005 -m 0.3;;11444;success;0.601;0.601;0.746;0.15;0.399;0.254;0.85;0.743;0.2;0.188;0.822;0.543;0.545;0.724;0.74;0.506;0.564;0.732;0.528;0.67;0.634;1.578;0.002;1.58;"[""0.800"", ""0.600"", ""0.750"", ""0.700"", ""0.750"", ""0.750"", ""0.875""]";"[""0.000"", ""0.600"", ""0.727"", ""0.690"", ""0.000"", ""0.000"", ""0.000""]";"[""0.800"", ""0.545"", ""0.800"", ""0.647"", ""0.750"", ""0.000"", ""0.000""]";"[""1.000"", ""0.667"", ""0.632"", ""0.647"", ""1.000"", ""0.000"", ""0.000""]";"[""0.800"", ""0.450"", ""0.475"", ""0.425"", ""0.750"", ""0.250"", ""0.125""]";"[""1.000"", ""0.550"", ""0.375"", ""0.425"", ""1.000"", ""0.000"", ""0.000""]";"[""-0.200"", ""-0.100"", ""0.100"", ""0.000"", ""-0.250"", ""0.250"", ""0.125""]"
457;flags;0;False;meka.classifiers.multilabel.BPNN -E 770 -H 4 -r 0.005 -m 0.3;;7371;success;;;;;;;;;;;;;;;;;;;;;;;;;;;;;;;
458;flags;0;True;meka.classifiers.multilabel.BPNN -E 770 -H 13 -r 0.005 -m 0.3;;11444;success;;;;;;;;;;;;;;;;;;;;;;;;;;;;;;;
459;flags;0;False;meka.classifiers.multilabel.BPNN -E 770 -H 4 -r 0.005 -m 0.3;;7371;success;;;;;;;;;;;;;;;;;;;;;;;;;;;;;;;
460;flags;0;True;meka.classifiers.multilabel.BPNN -E 770 -H 13 -r 0.005 -m 0.6;;11444;success;;;;;;;;;;;;;;;;;;;;;;;;;;;;;;;
461;flags;0;False;meka.classifiers.multilabel.BPNN -E 770 -H 4 -r 0.005 -m 0.6;;7371;success;;;;;;;;;;;;;;;;;;;;;;;;;;;;;;;
462;flags;0;False;meka.classifiers.multilabel.BPNN -E 770 -H 4 -r 0.005 -m 0.3;;7371;success;;;;;;;;;;;;;;;;;;;;;;;;;;;;;;;
463;flags;0;True;meka.classifiers.multilabel.BPNN -E 770 -H 13 -r 0.005 -m 0.6;;11444;success;;;;;;;;;;;;;;;;;;;;;;;;;;;;;;;
464;flags;0;True;meka.classifiers.multilabel.BPNN -E 770 -H 13 -r 0.005 -m 0.6;;11444;success;;;;;;;;;;;;;;;;;;;;;;;;;;;;;;;
465;flags;0;False;meka.classifiers.multilabel.BPNN -E 770 -H 4 -r 0.005 -m 0.3;;7371;success;;;;;;;;;;;;;;;;;;;;;;;;;;;;;;;
466;flags;0;False;meka.classifiers.multilabel.BPNN -E 770 -H 4 -r 0.005 -m 0.3;;7371;success;;;;;;;;;;;;;;;;;;;;;;;;;;;;;;;
467;flags;0;True;meka.classifiers.multilabel.BPNN -E 770 -H 13 -r 0.005 -m 0.6;;11444;success;;;;;;;;;;;;;;;;;;;;;;;;;;;;;;;
468;flags;0;True;meka.classifiers.multilabel.BPNN -E 770 -H 13 -r 0.005 -m 0.6;;11444;success;;;;;;;;;;;;;;;;;;;;;;;;;;;;;;;
469;flags;0;True;meka.classifiers.multilabel.BPNN -E 770 -H 13 -r 0.005 -m 0.6;;11444;success;;;;;;;;;;;;;;;;;;;;;;;;;;;;;;;
470;flags;0;True;meka.classifiers.multilabel.BPNN -E 770 -H 4 -r 0.005 -m 0.3;;7376;success;0.52;0.52;0.686;0.075;0.48;0.314;0.925;0.69;0.175;0.214;0.803;0.573;0.574;0.659;0.679;0.47;0.501;0.669;0.448;0.555;0.529;1.326;0.001;1.327;"[""0.800"", ""0.450"", ""0.625"", ""0.550"", ""0.750"", ""0.750"", ""0.875""]";"[""0.000"", ""0.165"", ""0.412"", ""0.468"", ""0.000"", ""0.000"", ""0.000""]";"[""0.800"", ""0.444"", ""0.833"", ""0.462"", ""0.750"", ""0.000"", ""0.000""]";"[""1.000"", ""0.889"", ""0.263"", ""0.353"", ""1.000"", ""0.000"", ""0.000""]";"[""0.800"", ""0.450"", ""0.475"", ""0.425"", ""0.750"", ""0.250"", ""0.125""]";"[""1.000"", ""0.900"", ""0.150"", ""0.325"", ""1.000"", ""0.000"", ""0.000""]";"[""-0.200"", ""-0.450"", ""0.325"", ""0.100"", ""-0.250"", ""0.250"", ""0.125""]"
471;flags;0;True;meka.classifiers.multilabel.BPNN -E 770 -H 13 -r 0.005 -m 0.6;;11444;success;;;;;;;;;;;;;;;;;;;;;;;;;;;;;;;
472;flags;0;True;meka.classifiers.multilabel.BPNN -E 770 -H 10 -r 0.005 -m 0.3;;10088;success;;;;;;;;;;;;;;;;;;;;;;;;;;;;;;;
473;flags;0;False;meka.classifiers.multilabel.BPNN -E 770 -H 13 -r 0.005 -m 0.6;;11439;success;;;;;;;;;;;;;;;;;;;;;;;;;;;;;;;
474;flags;0;False;meka.classifiers.multilabel.BPNN -E 770 -H 4 -r 0.005 -m 0.3;;7371;success;;;;;;;;;;;;;;;;;;;;;;;;;;;;;;;
475;flags;0;True;meka.classifiers.multilabel.BPNN -E 770 -H 13 -r 0.005 -m 0.6;;11444;success;;;;;;;;;;;;;;;;;;;;;;;;;;;;;;;
476;flags;0;True;meka.classifiers.multilabel.BPNN -E 770 -H 4 -r 0.005 -m 0.3;;7376;success;;;;;;;;;;;;;;;;;;;;;;;;;;;;;;;
477;flags;0;True;meka.classifiers.multilabel.BPNN -E 770 -H 13 -r 0.005 -m 0.6;;11444;success;;;;;;;;;;;;;;;;;;;;;;;;;;;;;;;
478;flags;0;False;meka.classifiers.multilabel.BPNN -E 770 -H 4 -r 0.005 -m 0.3;;7371;success;;;;;;;;;;;;;;;;;;;;;;;;;;;;;;;
479;flags;0;False;meka.classifiers.multilabel.BPNN -E 770 -H 13 -r 0.005 -m 0.6;;11439;success;;;;;;;;;;;;;;;;;;;;;;;;;;;;;;;
480;flags;0;True;meka.classifiers.multilabel.BPNN -E 770 -H 13 -r 0.005 -m 0.6;;11444;success;;;;;;;;;;;;;;;;;;;;;;;;;;;;;;;
481;flags;0;True;meka.classifiers.multilabel.BPNN -E 770 -H 13 -r 0.005 -m 0.6;;11444;success;;;;;;;;;;;;;;;;;;;;;;;;;;;;;;;
482;flags;0;True;meka.classifiers.multilabel.BPNN -E 770 -H 13 -r 0.005 -m 0.6;;11444;success;;;;;;;;;;;;;;;;;;;;;;;;;;;;;;;
483;flags;0;False;meka.classifiers.multilabel.BPNN -E 770 -H 4 -r 0.005 -m 0.6;;7371;success;;;;;;;;;;;;;;;;;;;;;;;;;;;;;;;
484;flags;0;False;meka.classifiers.multilabel.BPNN -E 770 -H 4 -r 0.005 -m 0.3;;7371;success;;;;;;;;;;;;;;;;;;;;;;;;;;;;;;;
485;flags;0;True;meka.classifiers.multilabel.BPNN -E 770 -H 13 -r 0.005 -m 0.6;;11444;success;;;;;;;;;;;;;;;;;;;;;;;;;;;;;;;
486;flags;0;True;meka.classifiers.multilabel.BPNN -E 770 -H 13 -r 0.005 -m 0.3;;11444;success;;;;;;;;;;;;;;;;;;;;;;;;;;;;;;;
487;flags;0;True;meka.classifiers.multilabel.BPNN -E 770 -H 13 -r 0.005 -m 0.6;;11444;success;;;;;;;;;;;;;;;;;;;;;;;;;;;;;;;
488;flags;0;True;meka.classifiers.multilabel.BPNN -E 770 -H 13 -r 0.005 -m 0.3;;11444;success;;;;;;;;;;;;;;;;;;;;;;;;;;;;;;;
489;flags;0;False;meka.classifiers.multilabel.BPNN -E 770 -H 4 -r 0.005 -m 0.3;;7371;success;;;;;;;;;;;;;;;;;;;;;;;;;;;;;;;
490;flags;0;True;meka.classifiers.multilabel.BPNN -E 770 -H 13 -r 0.005 -m 0.6;;11444;success;;;;;;;;;;;;;;;;;;;;;;;;;;;;;;;
491;flags;0;False;meka.classifiers.multilabel.BPNN -E 770 -H 4 -r 0.005 -m 0.6;;7371;success;;;;;;;;;;;;;;;;;;;;;;;;;;;;;;;
492;flags;0;False;meka.classifiers.multilabel.BPNN -E 770 -H 4 -r 0.005 -m 0.3;;7371;success;;;;;;;;;;;;;;;;;;;;;;;;;;;;;;;
493;flags;0;True;meka.classifiers.multilabel.BPNN -E 770 -H 4 -r 0.005 -m 0.3;;7376;success;;;;;;;;;;;;;;;;;;;;;;;;;;;;;;;
494;flags;0;False;meka.classifiers.multilabel.BPNN -E 770 -H 4 -r 0.005 -m 0.3;;7371;success;;;;;;;;;;;;;;;;;;;;;;;;;;;;;;;
495;flags;0;False;meka.classifiers.multilabel.BPNN -E 770 -H 4 -r 0.005 -m 0.3;;7371;success;;;;;;;;;;;;;;;;;;;;;;;;;;;;;;;
496;flags;0;False;meka.classifiers.multilabel.BPNN -E 770 -H 13 -r 0.005 -m 0.6;;11439;success;;;;;;;;;;;;;;;;;;;;;;;;;;;;;;;
497;flags;0;True;meka.classifiers.multilabel.BPNN -E 770 -H 13 -r 0.005 -m 0.6;;11444;success;;;;;;;;;;;;;;;;;;;;;;;;;;;;;;;
498;flags;0;True;meka.classifiers.multilabel.BPNN -E 770 -H 13 -r 0.005 -m 0.6;;11444;success;;;;;;;;;;;;;;;;;;;;;;;;;;;;;;;
499;flags;1;False;meka.classifiers.multilabel.PSt -P 1 -N 3;weka.classifiers.bayes.BayesNet -- -D -Q weka.classifiers.bayes.net.search.local.LAGDHillClimber -- -P 1;28670;success;0.539;0.539;0.683;0.098;0.461;0.317;0.902;0.626;0.244;0.225;0.794;0.585;0.608;0.664;0.688;0.49;0.518;0.676;0.479;0.562;0.579;0.736;0.029;0.765;"[""0.756"", ""0.537"", ""0.610"", ""0.585"", ""0.732"", ""0.659"", ""0.902""]";"[""0.000"", ""0.404"", ""0.357"", ""0.489"", ""0.000"", ""0.152"", ""0.000""]";"[""0.756"", ""0.455"", ""0.600"", ""0.636"", ""0.732"", ""0.250"", ""0.000""]";"[""1.000"", ""0.278"", ""0.913"", ""0.350"", ""1.000"", ""0.083"", ""0.000""]";"[""0.756"", ""0.439"", ""0.561"", ""0.488"", ""0.732"", ""0.293"", ""0.098""]";"[""1.000"", ""0.268"", ""0.854"", ""0.268"", ""1.000"", ""0.098"", ""0.000""]";"[""-0.244"", ""0.171"", ""-0.293"", ""0.220"", ""-0.268"", ""0.195"", ""0.098""]"
500;flags;1;False;meka.classifiers.multilabel.LC;weka.classifiers.trees.J48 -- -M 45 -B -J -C 0.1 -S;8485;success;0.512;0.512;0.676;0.073;0.488;0.324;0.927;0.685;0.244;0.306;0.664;0.631;1.203;0.683;0.609;0.293;0.429;0.644;0.346;0.481;0.5;0.686;0.015;0.701;"[""0.756"", ""0.561"", ""0.561"", ""0.512"", ""0.732"", ""0.707"", ""0.902""]";"[""0.000"", ""0.000"", ""0.000"", ""0.000"", ""0.000"", ""0.000"", ""0.000""]";"[""0.756"", ""0.000"", ""0.561"", ""0.000"", ""0.732"", ""0.000"", ""0.000""]";"[""1.000"", ""0.000"", ""1.000"", ""0.000"", ""1.000"", ""0.000"", ""0.000""]";"[""0.756"", ""0.439"", ""0.561"", ""0.488"", ""0.732"", ""0.293"", ""0.098""]";"[""1.000"", ""0.000"", ""1.000"", ""0.000"", ""1.000"", ""0.000"", ""0.000""]";"[""-0.244"", ""0.439"", ""-0.439"", ""0.488"", ""-0.268"", ""0.293"", ""0.098""]"
501;flags;1;False;meka.classifiers.multilabel.RT;weka.classifiers.rules.PART -- -M 57 -B -R -N 2;7088;success;0.554;0.554;0.655;0.024;0.446;0.345;0.976;0.61;0.244;0.218;0.796;0.902;0.947;0.595;0.884;0.425;0.714;0.711;0.527;0.481;0.5;0.595;0.002;0.597;"[""0.756"", ""0.439"", ""0.561"", ""0.488"", ""0.732"", ""0.707"", ""0.902""]";"[""0.000"", ""0.000"", ""0.000"", ""0.000"", ""0.000"", ""0.000"", ""0.000""]";"[""0.756"", ""0.439"", ""0.561"", ""0.488"", ""0.732"", ""0.000"", ""0.000""]";"[""1.000"", ""1.000"", ""1.000"", ""1.000"", ""1.000"", ""0.000"", ""0.000""]";"[""0.756"", ""0.439"", ""0.561"", ""0.488"", ""0.732"", ""0.293"", ""0.098""]";"[""1.000"", ""1.000"", ""1.000"", ""1.000"", ""1.000"", ""0.000"", ""0.000""]";"[""-0.244"", ""-0.561"", ""-0.439"", ""-0.512"", ""-0.268"", ""0.293"", ""0.098""]"
502;flags;1;False;meka.classifiers.multilabel.RAkEL -N 0 -P 1 -k 2 -M 3;weka.classifiers.functions.Logistic -- -R 1e-11;37880;success;0.347;0.347;0.627;0.0;0.653;0.373;1.0;0.477;0.317;0.476;0.629;0.651;1.242;0.687;0.413;0.386;0.391;0.516;0.386;0.545;0.586;1.282;0.008;1.29;"[""0.610"", ""0.707"", ""0.610"", ""0.512"", ""0.268"", ""0.780"", ""0.902""]";"[""0.503"", ""0.686"", ""0.582"", ""0.000"", ""0.000"", ""0.771"", ""0.000""]";"[""0.778"", ""0.688"", ""0.640"", ""0.000"", ""0.000"", ""0.600"", ""0.000""]";"[""0.677"", ""0.611"", ""0.696"", ""0.000"", ""0.000"", ""0.750"", ""0.000""]";"[""0.756"", ""0.439"", ""0.561"", ""0.488"", ""0.732"", ""0.293"", ""0.098""]";"[""0.659"", ""0.390"", ""0.610"", ""0.000"", ""0.000"", ""0.366"", ""0.000""]";"[""0.098"", ""0.049"", ""-0.049"", ""0.488"", ""0.732"", ""-0.073"", ""0.098""]"
503;flags;1;False;meka.classifiers.multilabel.LC;weka.classifiers.bayes.BayesNet -- -D -Q weka.classifiers.bayes.net.search.local.LAGDHillClimber -- -P 1;45408;success;0.519;0.519;0.672;0.171;0.481;0.328;0.829;0.603;0.244;0.338;0.632;0.637;1.216;0.659;0.659;0.601;0.588;0.659;0.583;0.54;0.575;0.674;0.051;0.725;"[""0.756"", ""0.561"", ""0.415"", ""0.707"", ""0.683"", ""0.707"", ""0.878""]";"[""0.000"", ""0.529"", ""0.416"", ""0.644"", ""0.301"", ""0.554"", ""0.648""]";"[""0.756"", ""0.500"", ""0.474"", ""0.833"", ""0.743"", ""0.500"", ""0.400""]";"[""1.000"", ""0.444"", ""0.391"", ""0.500"", ""0.867"", ""0.417"", ""0.500""]";"[""0.756"", ""0.439"", ""0.561"", ""0.488"", ""0.732"", ""0.293"", ""0.098""]";"[""1.000"", ""0.390"", ""0.463"", ""0.293"", ""0.854"", ""0.244"", ""0.122""]";"[""-0.244"", ""0.049"", ""0.098"", ""0.195"", ""-0.122"", ""0.049"", ""-0.024""]"
504;flags;1;False;meka.classifiers.multilabel.CDN -Ic 33 -I 246;weka.classifiers.trees.RandomTree -- -M 12 -K 0 -depth 0 -N 3;44164;success;0.517;0.517;0.672;0.122;0.483;0.328;0.878;0.629;0.341;0.265;0.744;0.606;0.734;0.655;0.674;0.519;0.541;0.664;0.521;0.582;0.594;0.742;0.172;0.914;"[""0.732"", ""0.585"", ""0.537"", ""0.488"", ""0.732"", ""0.732"", ""0.902""]";"[""0.000"", ""0.587"", ""0.538"", ""0.414"", ""0.166"", ""0.562"", ""0.000""]";"[""0.750"", ""0.524"", ""0.600"", ""0.462"", ""0.744"", ""0.556"", ""0.000""]";"[""0.968"", ""0.611"", ""0.522"", ""0.300"", ""0.967"", ""0.417"", ""0.000""]";"[""0.756"", ""0.439"", ""0.561"", ""0.488"", ""0.732"", ""0.293"", ""0.098""]";"[""0.976"", ""0.512"", ""0.488"", ""0.317"", ""0.951"", ""0.220"", ""0.000""]";"[""-0.220"", ""-0.073"", ""0.073"", ""0.171"", ""-0.220"", ""0.073"", ""0.098""]"
505;flags;1;False;meka.classifiers.multilabel.LC;weka.classifiers.bayes.BayesNet -- -D -Q weka.classifiers.bayes.net.search.local.LAGDHillClimber -- -P 1;45408;success;;;;;;;;;;;;;;;;;;;;;;;;;;;;;;;
506;flags;1;False;meka.classifiers.multilabel.RT;weka.classifiers.rules.PART -- -M 57 -B -R -N 2;7088;success;;;;;;;;;;;;;;;;;;;;;;;;;;;;;;;
507;flags;1;False;meka.classifiers.multilabel.CDN -Ic 33 -I 246;weka.classifiers.trees.RandomTree -- -M 12 -K 0 -depth 0 -N 3;44164;success;;;;;;;;;;;;;;;;;;;;;;;;;;;;;;;
508;flags;1;False;meka.classifiers.multilabel.LC;weka.classifiers.trees.J48 -- -M 45 -B -J -C 0.1 -S;8485;success;;;;;;;;;;;;;;;;;;;;;;;;;;;;;;;
509;flags;1;False;meka.classifiers.multilabel.PSt -P 1 -N 3;weka.classifiers.bayes.BayesNet -- -D -Q weka.classifiers.bayes.net.search.local.LAGDHillClimber -- -P 1;28670;success;;;;;;;;;;;;;;;;;;;;;;;;;;;;;;;
510;flags;1;False;meka.classifiers.multilabel.RT;weka.classifiers.rules.PART -- -M 57 -B -R -N 2;7088;success;;;;;;;;;;;;;;;;;;;;;;;;;;;;;;;
511;flags;1;False;meka.classifiers.multilabel.RT;weka.classifiers.bayes.NaiveBayes -- -D;18476;success;0.548;0.548;0.697;0.073;0.452;0.303;0.927;0.694;0.244;0.222;0.804;0.83;0.954;0.681;0.696;0.643;0.626;0.688;0.626;0.666;0.645;0.718;0.009;0.727;"[""0.683"", ""0.780"", ""0.610"", ""0.610"", ""0.659"", ""0.634"", ""0.902""]";"[""0.179"", ""0.703"", ""0.555"", ""0.603"", ""0.299"", ""0.463"", ""0.654""]";"[""0.750"", ""0.909"", ""0.630"", ""0.611"", ""0.735"", ""0.364"", ""0.500""]";"[""0.871"", ""0.556"", ""0.739"", ""0.550"", ""0.833"", ""0.333"", ""0.500""]";"[""0.756"", ""0.439"", ""0.561"", ""0.488"", ""0.732"", ""0.293"", ""0.098""]";"[""0.878"", ""0.268"", ""0.659"", ""0.439"", ""0.829"", ""0.268"", ""0.098""]";"[""-0.122"", ""0.171"", ""-0.098"", ""0.049"", ""-0.098"", ""0.024"", ""0.000""]"
512;flags;1;False;meka.classifiers.multilabel.LC;weka.classifiers.rules.PART -- -M 11 -B -R -N 2;11583;success;0.52;0.52;0.672;0.073;0.48;0.328;0.927;0.659;0.244;0.315;0.646;0.637;1.216;0.662;0.652;0.455;0.514;0.657;0.474;0.507;0.526;0.71;0.012;0.722;"[""0.756"", ""0.561"", ""0.390"", ""0.634"", ""0.732"", ""0.732"", ""0.902""]";"[""0.000"", ""0.000"", ""0.257"", ""0.578"", ""0.000"", ""0.672"", ""0.000""]";"[""0.756"", ""0.000"", ""0.464"", ""0.692"", ""0.732"", ""0.538"", ""0.000""]";"[""1.000"", ""0.000"", ""0.565"", ""0.450"", ""1.000"", ""0.583"", ""0.000""]";"[""0.756"", ""0.439"", ""0.561"", ""0.488"", ""0.732"", ""0.293"", ""0.098""]";"[""1.000"", ""0.000"", ""0.683"", ""0.317"", ""1.000"", ""0.317"", ""0.000""]";"[""-0.244"", ""0.439"", ""-0.122"", ""0.171"", ""-0.268"", ""-0.024"", ""0.098""]"
513;flags;1;False;meka.classifiers.multilabel.RT;weka.classifiers.rules.PART -- -M 57 -B -R -N 2;7088;success;;;;;;;;;;;;;;;;;;;;;;;;;;;;;;;
514;flags;1;False;meka.classifiers.multilabel.CDN -Ic 54 -I 711;weka.classifiers.trees.RandomTree -- -M 50 -K 0 -depth 12 -N 0;40184;success;0.499;0.499;0.631;0.073;0.501;0.369;0.927;0.625;0.317;0.24;0.779;0.609;0.611;0.603;0.681;0.396;0.51;0.639;0.445;0.477;0.456;0.653;0.136;0.789;"[""0.756"", ""0.439"", ""0.488"", ""0.390"", ""0.732"", ""0.707"", ""0.902""]";"[""0.000"", ""0.407"", ""0.272"", ""0.364"", ""0.000"", ""0.000"", ""0.000""]";"[""0.756"", ""0.353"", ""0.531"", ""0.400"", ""0.732"", ""0.000"", ""0.000""]";"[""1.000"", ""0.333"", ""0.739"", ""0.500"", ""1.000"", ""0.000"", ""0.000""]";"[""0.756"", ""0.439"", ""0.561"", ""0.488"", ""0.732"", ""0.293"", ""0.098""]";"[""1.000"", ""0.415"", ""0.780"", ""0.610"", ""1.000"", ""0.000"", ""0.000""]";"[""-0.244"", ""0.024"", ""-0.220"", ""-0.122"", ""-0.268"", ""0.293"", ""0.098""]"
515;flags;1;False;meka.classifiers.multilabel.RT;weka.classifiers.bayes.BayesNet -- -D -Q weka.classifiers.bayes.net.search.local.LAGDHillClimber -- -P 1;22521;success;0.54;0.54;0.669;0.049;0.46;0.331;0.951;0.647;0.244;0.218;0.796;0.901;0.946;0.626;0.775;0.43;0.603;0.693;0.5;0.525;0.504;0.363;0.004;0.367;"[""0.756"", ""0.610"", ""0.561"", ""0.415"", ""0.732"", ""0.707"", ""0.902""]";"[""0.000"", ""0.606"", ""0.000"", ""0.400"", ""0.000"", ""0.000"", ""0.000""]";"[""0.756"", ""0.542"", ""0.561"", ""0.417"", ""0.732"", ""0.000"", ""0.000""]";"[""1.000"", ""0.722"", ""1.000"", ""0.500"", ""1.000"", ""0.000"", ""0.000""]";"[""0.756"", ""0.439"", ""0.561"", ""0.488"", ""0.732"", ""0.293"", ""0.098""]";"[""1.000"", ""0.585"", ""1.000"", ""0.585"", ""1.000"", ""0.000"", ""0.000""]";"[""-0.244"", ""-0.146"", ""-0.439"", ""-0.098"", ""-0.268"", ""0.293"", ""0.098""]"
516;flags;1;False;meka.classifiers.multilabel.CDN -Ic 33 -I 246;weka.classifiers.trees.RandomTree -- -M 12 -K 0 -depth 0 -N 3;44164;success;;;;;;;;;;;;;;;;;;;;;;;;;;;;;;;
517;flags;1;False;meka.classifiers.multilabel.RT;weka.classifiers.bayes.NaiveBayes -- -D;18476;success;;;;;;;;;;;;;;;;;;;;;;;;;;;;;;;
518;flags;1;False;meka.classifiers.multilabel.LC;weka.classifiers.bayes.BayesNet -- -D -Q weka.classifiers.bayes.net.search.local.LAGDHillClimber -- -P 1;45408;success;;;;;;;;;;;;;;;;;;;;;;;;;;;;;;;
519;flags;1;False;meka.classifiers.multilabel.RT;weka.classifiers.rules.PART -- -M 57 -B -R -N 2;7088;success;;;;;;;;;;;;;;;;;;;;;;;;;;;;;;;
520;flags;1;False;meka.classifiers.multilabel.RT;weka.classifiers.rules.PART -- -M 57 -B -R -N 2;7088;success;;;;;;;;;;;;;;;;;;;;;;;;;;;;;;;
521;flags;1;False;meka.classifiers.multilabel.RT;weka.classifiers.bayes.NaiveBayes -- -D;18476;success;;;;;;;;;;;;;;;;;;;;;;;;;;;;;;;
522;flags;1;False;meka.classifiers.multilabel.RT;weka.classifiers.rules.PART -- -M 57 -B -R -N 2;7088;success;;;;;;;;;;;;;;;;;;;;;;;;;;;;;;;
523;flags;1;False;meka.classifiers.multilabel.RT;weka.classifiers.bayes.NaiveBayes -- -D;18476;success;;;;;;;;;;;;;;;;;;;;;;;;;;;;;;;
524;flags;1;False;meka.classifiers.multilabel.RT;weka.classifiers.rules.PART -- -M 57 -B -R -N 2;7088;success;;;;;;;;;;;;;;;;;;;;;;;;;;;;;;;
525;flags;1;False;meka.classifiers.multilabel.RT;weka.classifiers.rules.PART -- -M 57 -B -R -N 2;7088;success;;;;;;;;;;;;;;;;;;;;;;;;;;;;;;;
526;flags;1;False;meka.classifiers.multilabel.RT;weka.classifiers.rules.PART -- -M 57 -B -R -N 2;7088;success;;;;;;;;;;;;;;;;;;;;;;;;;;;;;;;
527;flags;1;False;meka.classifiers.multilabel.RT;weka.classifiers.rules.PART -- -M 57 -B -R -N 2;7088;success;;;;;;;;;;;;;;;;;;;;;;;;;;;;;;;
528;flags;1;False;meka.classifiers.multilabel.RT;weka.classifiers.bayes.NaiveBayes -- -D;18476;success;;;;;;;;;;;;;;;;;;;;;;;;;;;;;;;
529;flags;1;False;meka.classifiers.multilabel.RT;weka.classifiers.bayes.NaiveBayes -- -D;18476;success;;;;;;;;;;;;;;;;;;;;;;;;;;;;;;;
530;flags;1;False;meka.classifiers.multilabel.RT;weka.classifiers.rules.PART -- -M 57 -B -R -N 2;7088;success;;;;;;;;;;;;;;;;;;;;;;;;;;;;;;;
531;flags;1;False;meka.classifiers.multilabel.RT;weka.classifiers.bayes.NaiveBayes -- -D;18476;success;;;;;;;;;;;;;;;;;;;;;;;;;;;;;;;
532;flags;1;False;meka.classifiers.multilabel.RT;weka.classifiers.rules.PART -- -M 49 -B -R -N 2;7088;success;0.554;0.554;0.655;0.024;0.446;0.345;0.976;0.61;0.244;0.218;0.796;0.902;0.947;0.595;0.884;0.425;0.714;0.711;0.527;0.481;0.5;0.31;0.002;0.312;"[""0.756"", ""0.439"", ""0.561"", ""0.488"", ""0.732"", ""0.707"", ""0.902""]";"[""0.000"", ""0.000"", ""0.000"", ""0.000"", ""0.000"", ""0.000"", ""0.000""]";"[""0.756"", ""0.439"", ""0.561"", ""0.488"", ""0.732"", ""0.000"", ""0.000""]";"[""1.000"", ""1.000"", ""1.000"", ""1.000"", ""1.000"", ""0.000"", ""0.000""]";"[""0.756"", ""0.439"", ""0.561"", ""0.488"", ""0.732"", ""0.293"", ""0.098""]";"[""1.000"", ""1.000"", ""1.000"", ""1.000"", ""1.000"", ""0.000"", ""0.000""]";"[""-0.244"", ""-0.561"", ""-0.439"", ""-0.512"", ""-0.268"", ""0.293"", ""0.098""]"
533;flags;1;False;meka.classifiers.multilabel.RT;weka.classifiers.rules.PART -- -M 57 -B -R -N 2;7088;success;;;;;;;;;;;;;;;;;;;;;;;;;;;;;;;
534;flags;1;False;meka.classifiers.multilabel.RT;weka.classifiers.bayes.NaiveBayes -- -D;18476;success;;;;;;;;;;;;;;;;;;;;;;;;;;;;;;;
535;flags;1;False;meka.classifiers.multilabel.RT;weka.classifiers.rules.PART -- -M 57 -B -R -N 2;7088;success;;;;;;;;;;;;;;;;;;;;;;;;;;;;;;;
536;flags;1;False;meka.classifiers.multilabel.RT;weka.classifiers.rules.PART -- -M 57 -B -R -N 2;7088;success;;;;;;;;;;;;;;;;;;;;;;;;;;;;;;;
537;flags;1;False;meka.classifiers.multilabel.RT;weka.classifiers.bayes.NaiveBayes -- -D;18476;success;;;;;;;;;;;;;;;;;;;;;;;;;;;;;;;
538;flags;1;False;meka.classifiers.multilabel.RT;weka.classifiers.bayes.NaiveBayes -- -D;18476;success;;;;;;;;;;;;;;;;;;;;;;;;;;;;;;;
539;flags;1;False;meka.classifiers.multilabel.RT;weka.classifiers.bayes.NaiveBayes -- -D;18476;success;;;;;;;;;;;;;;;;;;;;;;;;;;;;;;;
540;flags;1;False;meka.classifiers.multilabel.RT;weka.classifiers.rules.PART -- -M 57 -B -R -N 2;7088;success;;;;;;;;;;;;;;;;;;;;;;;;;;;;;;;
541;flags;1;False;meka.classifiers.multilabel.RT;weka.classifiers.rules.PART -- -M 57 -B -R -N 2;7088;success;;;;;;;;;;;;;;;;;;;;;;;;;;;;;;;
542;flags;1;False;meka.classifiers.multilabel.RT;weka.classifiers.bayes.NaiveBayes -- -D;18476;success;;;;;;;;;;;;;;;;;;;;;;;;;;;;;;;
543;flags;1;False;meka.classifiers.multilabel.RT;weka.classifiers.bayes.NaiveBayes -- -D;18476;success;;;;;;;;;;;;;;;;;;;;;;;;;;;;;;;
544;flags;1;False;meka.classifiers.multilabel.RT;weka.classifiers.rules.PART -- -M 57 -B -R -N 2;7088;success;;;;;;;;;;;;;;;;;;;;;;;;;;;;;;;
545;flags;1;False;meka.classifiers.multilabel.RT;weka.classifiers.rules.PART -- -M 49 -B -R -N 2;7088;success;;;;;;;;;;;;;;;;;;;;;;;;;;;;;;;
546;flags;1;False;meka.classifiers.multilabel.RT;weka.classifiers.bayes.NaiveBayes -- -D;18476;success;;;;;;;;;;;;;;;;;;;;;;;;;;;;;;;
547;flags;1;False;meka.classifiers.multilabel.RT;weka.classifiers.rules.PART -- -M 49 -B -R -N 2;7088;success;;;;;;;;;;;;;;;;;;;;;;;;;;;;;;;
548;flags;1;False;meka.classifiers.multilabel.RT;weka.classifiers.rules.PART -- -M 57 -B -R -N 2;7088;success;;;;;;;;;;;;;;;;;;;;;;;;;;;;;;;
549;flags;1;False;meka.classifiers.multilabel.RT;weka.classifiers.rules.PART -- -M 57 -B -R -N 2;7088;success;;;;;;;;;;;;;;;;;;;;;;;;;;;;;;;
550;flags;1;False;meka.classifiers.multilabel.RT;weka.classifiers.bayes.NaiveBayes -- -D;18476;success;;;;;;;;;;;;;;;;;;;;;;;;;;;;;;;
551;flags;1;False;meka.classifiers.multilabel.RT;weka.classifiers.bayes.NaiveBayes -- -D;18476;success;;;;;;;;;;;;;;;;;;;;;;;;;;;;;;;
552;flags;1;False;meka.classifiers.multilabel.RT;weka.classifiers.bayes.NaiveBayes -- -D;18476;success;;;;;;;;;;;;;;;;;;;;;;;;;;;;;;;
553;flags;1;False;meka.classifiers.multilabel.RT;weka.classifiers.rules.PART -- -M 49 -B -R -N 2;7088;success;;;;;;;;;;;;;;;;;;;;;;;;;;;;;;;
554;flags;1;False;meka.classifiers.multilabel.RT;weka.classifiers.bayes.NaiveBayes -- -D;18476;success;;;;;;;;;;;;;;;;;;;;;;;;;;;;;;;
555;flags;1;False;meka.classifiers.multilabel.RT;weka.classifiers.rules.PART -- -M 49 -B -R -N 2;7088;success;;;;;;;;;;;;;;;;;;;;;;;;;;;;;;;
556;flags;1;False;meka.classifiers.multilabel.RT;weka.classifiers.bayes.NaiveBayes -- -D;18476;success;;;;;;;;;;;;;;;;;;;;;;;;;;;;;;;
557;flags;1;False;meka.classifiers.multilabel.RT;weka.classifiers.bayes.NaiveBayes -- -D;18476;success;;;;;;;;;;;;;;;;;;;;;;;;;;;;;;;
558;flags;1;False;meka.classifiers.multilabel.RT;weka.classifiers.bayes.NaiveBayes -- -D;18476;success;;;;;;;;;;;;;;;;;;;;;;;;;;;;;;;
559;flags;1;False;meka.classifiers.multilabel.RT;weka.classifiers.rules.PART -- -M 49 -B -R -N 2;7088;success;;;;;;;;;;;;;;;;;;;;;;;;;;;;;;;
560;flags;1;False;meka.classifiers.multilabel.RT;weka.classifiers.bayes.NaiveBayes -- -D;18476;success;;;;;;;;;;;;;;;;;;;;;;;;;;;;;;;
561;flags;1;False;meka.classifiers.multilabel.RT;weka.classifiers.bayes.NaiveBayes -- -D;18476;success;;;;;;;;;;;;;;;;;;;;;;;;;;;;;;;
562;flags;1;False;meka.classifiers.multilabel.RT;weka.classifiers.bayes.NaiveBayes -- -D;18476;success;;;;;;;;;;;;;;;;;;;;;;;;;;;;;;;
563;flags;1;False;meka.classifiers.multilabel.RT;weka.classifiers.rules.PART -- -M 49 -B -R -N 2;7088;success;;;;;;;;;;;;;;;;;;;;;;;;;;;;;;;
564;flags;1;False;meka.classifiers.multilabel.RT;weka.classifiers.rules.PART -- -M 49 -B -R -N 2;7088;success;;;;;;;;;;;;;;;;;;;;;;;;;;;;;;;
565;flags;1;False;meka.classifiers.multilabel.RT;weka.classifiers.bayes.NaiveBayes -- -D;18476;success;;;;;;;;;;;;;;;;;;;;;;;;;;;;;;;
566;flags;1;False;meka.classifiers.multilabel.RT;weka.classifiers.rules.PART -- -M 49 -B -R -N 2;7088;success;;;;;;;;;;;;;;;;;;;;;;;;;;;;;;;
567;flags;1;False;meka.classifiers.multilabel.RT;weka.classifiers.bayes.NaiveBayes -- -D;18476;success;;;;;;;;;;;;;;;;;;;;;;;;;;;;;;;
568;flags;1;False;meka.classifiers.multilabel.RT;weka.classifiers.rules.PART -- -M 49 -B -R -N 2;7088;success;;;;;;;;;;;;;;;;;;;;;;;;;;;;;;;
569;flags;1;False;meka.classifiers.multilabel.RT;weka.classifiers.rules.PART -- -M 49 -B -R -N 2;7088;success;;;;;;;;;;;;;;;;;;;;;;;;;;;;;;;
570;flags;1;False;meka.classifiers.multilabel.RT;weka.classifiers.rules.PART -- -M 49 -B -R -N 2;7088;success;;;;;;;;;;;;;;;;;;;;;;;;;;;;;;;
571;flags;1;False;meka.classifiers.multilabel.RT;weka.classifiers.bayes.NaiveBayes -- -D;18476;success;;;;;;;;;;;;;;;;;;;;;;;;;;;;;;;
572;flags;1;False;meka.classifiers.multilabel.RT;weka.classifiers.bayes.NaiveBayes -- -D;18476;success;;;;;;;;;;;;;;;;;;;;;;;;;;;;;;;
573;flags;1;False;meka.classifiers.multilabel.RT;weka.classifiers.rules.PART -- -M 49 -B -R -N 2;7088;success;;;;;;;;;;;;;;;;;;;;;;;;;;;;;;;
574;flags;1;False;meka.classifiers.multilabel.RT;weka.classifiers.bayes.NaiveBayes -- -D;18476;success;;;;;;;;;;;;;;;;;;;;;;;;;;;;;;;
575;flags;1;False;meka.classifiers.multilabel.RT;weka.classifiers.bayes.NaiveBayes -- -D;18476;success;;;;;;;;;;;;;;;;;;;;;;;;;;;;;;;
576;flags;1;False;meka.classifiers.multilabel.RT;weka.classifiers.rules.PART -- -M 49 -B -R -N 2;7088;success;;;;;;;;;;;;;;;;;;;;;;;;;;;;;;;
577;flags;2;False;meka.classifiers.multilabel.CDN -Ic 14 -I 524;weka.classifiers.functions.SGD -- -F 0 -L 0.001 -R 1e-11;99441;success;0.61;0.61;0.747;0.179;0.39;0.253;0.821;0.729;0.205;0.238;0.688;0.52;0.804;0.72;0.78;0.591;0.673;0.749;0.627;0.581;0.642;0.896;0.555;1.451;"[""0.795"", ""0.821"", ""0.692"", ""0.667"", ""0.692"", ""0.718"", ""0.846""]";"[""0.000"", ""0.813"", ""0.692"", ""0.667"", ""0.603"", ""0.644"", ""0.000""]";"[""0.795"", ""0.739"", ""0.700"", ""0.591"", ""0.815"", ""0.500"", ""0.000""]";"[""1.000"", ""0.944"", ""0.700"", ""0.765"", ""0.759"", ""0.545"", ""0.000""]";"[""0.795"", ""0.462"", ""0.513"", ""0.436"", ""0.744"", ""0.282"", ""0.154""]";"[""1.000"", ""0.590"", ""0.513"", ""0.564"", ""0.692"", ""0.308"", ""0.000""]";"[""-0.205"", ""-0.128"", ""0.000"", ""-0.128"", ""0.051"", ""-0.026"", ""0.154""]"
578;flags;2;False;meka.classifiers.multilabel.RT;weka.classifiers.trees.REPTree -- -M 57 -L 16;6153;success;0.53;0.53;0.663;0.026;0.47;0.337;0.974;0.676;0.205;0.218;0.804;0.895;0.957;0.628;0.742;0.359;0.571;0.681;0.435;0.484;0.5;0.696;0.007;0.703;"[""0.795"", ""0.462"", ""0.513"", ""0.564"", ""0.744"", ""0.718"", ""0.846""]";"[""0.000"", ""0.000"", ""0.000"", ""0.000"", ""0.000"", ""0.000"", ""0.000""]";"[""0.795"", ""0.462"", ""0.513"", ""0.000"", ""0.744"", ""0.000"", ""0.000""]";"[""1.000"", ""1.000"", ""1.000"", ""0.000"", ""1.000"", ""0.000"", ""0.000""]";"[""0.795"", ""0.462"", ""0.513"", ""0.436"", ""0.744"", ""0.282"", ""0.154""]";"[""1.000"", ""1.000"", ""1.000"", ""0.000"", ""1.000"", ""0.000"", ""0.000""]";"[""-0.205"", ""-0.538"", ""-0.487"", ""0.436"", ""-0.256"", ""0.282"", ""0.154""]"
579;flags;2;True;meka.classifiers.multilabel.BPNN -E 86 -H 9 -r 0.019 -m 0.8;;9636;success;0.584;0.584;0.725;0.154;0.416;0.275;0.846;0.723;0.179;0.193;0.828;0.556;0.568;0.712;0.718;0.492;0.556;0.715;0.519;0.678;0.659;0.939;0.005;0.944;"[""0.795"", ""0.538"", ""0.615"", ""0.821"", ""0.744"", ""0.718"", ""0.846""]";"[""0.000"", ""0.517"", ""0.601"", ""0.805"", ""0.000"", ""0.000"", ""0.000""]";"[""0.795"", ""0.500"", ""0.609"", ""0.800"", ""0.744"", ""0.000"", ""0.000""]";"[""1.000"", ""0.444"", ""0.700"", ""0.750"", ""1.000"", ""0.000"", ""0.000""]";"[""0.795"", ""0.462"", ""0.513"", ""0.410"", ""0.744"", ""0.282"", ""0.154""]";"[""1.000"", ""0.410"", ""0.590"", ""0.385"", ""1.000"", ""0.000"", ""0.000""]";"[""-0.205"", ""0.051"", ""-0.077"", ""0.026"", ""-0.256"", ""0.282"", ""0.154""]"
580;flags;2;False;meka.classifiers.multilabel.PMCC -Iy 93 -Is 270 -B 0.56 -O 1 -M 22 -P 'F1 (micro averaged)';weka.classifiers.rules.JRip -- -N 4.3 -E -O 1;571391;success;0.592;0.592;0.736;0.154;0.408;0.264;0.846;0.704;0.205;0.279;0.687;0.513;0.966;0.724;0.735;0.56;0.579;0.729;0.553;0.544;0.582;4.794;0.012;4.806;"[""0.795"", ""0.769"", ""0.667"", ""0.667"", ""0.718"", ""0.692"", ""0.846""]";"[""0.000"", ""0.770"", ""0.653"", ""0.598"", ""0.000"", ""0.166"", ""0.000""]";"[""0.795"", ""0.737"", ""0.652"", ""0.667"", ""0.737"", ""0.333"", ""0.000""]";"[""1.000"", ""0.778"", ""0.750"", ""0.471"", ""0.966"", ""0.091"", ""0.000""]";"[""0.795"", ""0.462"", ""0.513"", ""0.436"", ""0.744"", ""0.282"", ""0.154""]";"[""1.000"", ""0.487"", ""0.590"", ""0.308"", ""0.974"", ""0.077"", ""0.000""]";"[""-0.205"", ""-0.026"", ""-0.077"", ""0.128"", ""-0.231"", ""0.205"", ""0.154""]"
581;flags;2;False;meka.classifiers.multilabel.RAkEL -N 4 -P 3 -k 3 -M 8;weka.classifiers.trees.REPTree -- -M 27 -L -1 -P;17194;success;0.53;0.53;0.663;0.026;0.47;0.337;0.974;0.676;0.205;0.267;0.759;0.527;0.993;0.628;0.742;0.359;0.571;0.681;0.435;0.484;0.5;0.837;0.016;0.853;"[""0.795"", ""0.462"", ""0.513"", ""0.564"", ""0.744"", ""0.718"", ""0.846""]";"[""0.000"", ""0.000"", ""0.000"", ""0.000"", ""0.000"", ""0.000"", ""0.000""]";"[""0.795"", ""0.462"", ""0.513"", ""0.000"", ""0.744"", ""0.000"", ""0.000""]";"[""1.000"", ""1.000"", ""1.000"", ""0.000"", ""1.000"", ""0.000"", ""0.000""]";"[""0.795"", ""0.462"", ""0.513"", ""0.436"", ""0.744"", ""0.282"", ""0.154""]";"[""1.000"", ""1.000"", ""1.000"", ""0.000"", ""1.000"", ""0.000"", ""0.000""]";"[""-0.205"", ""-0.538"", ""-0.487"", ""0.436"", ""-0.256"", ""0.282"", ""0.154""]"
582;flags;2;False;meka.classifiers.multilabel.CDN -Ic 52 -I 805;weka.classifiers.rules.JRip -- -N 3.5 -E -O 3;59272;success;0.537;0.537;0.722;0.077;0.463;0.278;0.923;0.63;0.154;0.191;0.822;0.526;0.542;0.712;0.712;0.59;0.581;0.712;0.562;0.663;0.662;0.883;0.148;1.031;"[""0.795"", ""0.795"", ""0.615"", ""0.641"", ""0.615"", ""0.744"", ""0.846""]";"[""0.395"", ""0.782"", ""0.612"", ""0.613"", ""0.000"", ""0.306"", ""0.000""]";"[""0.829"", ""0.708"", ""0.619"", ""0.600"", ""0.706"", ""0.667"", ""0.000""]";"[""0.935"", ""0.944"", ""0.650"", ""0.529"", ""0.828"", ""0.182"", ""0.000""]";"[""0.795"", ""0.462"", ""0.513"", ""0.436"", ""0.744"", ""0.282"", ""0.154""]";"[""0.897"", ""0.615"", ""0.538"", ""0.385"", ""0.872"", ""0.077"", ""0.000""]";"[""-0.103"", ""-0.154"", ""-0.026"", ""0.051"", ""-0.128"", ""0.205"", ""0.154""]"
583;flags;2;False;meka.classifiers.multilabel.CDN -Ic 52 -I 805;weka.classifiers.rules.JRip -- -N 3.5 -E -O 3;59272;success;;;;;;;;;;;;;;;;;;;;;;;;;;;;;;;
584;flags;2;False;meka.classifiers.multilabel.CDN -Ic 34 -I 254;weka.classifiers.rules.JRip -- -N 1.4 -E -O 4;60700;success;0.532;0.532;0.707;0.128;0.468;0.293;0.872;0.623;0.256;0.242;0.776;0.556;0.602;0.694;0.705;0.628;0.6;0.699;0.586;0.623;0.637;0.972;0.084;1.056;"[""0.718"", ""0.795"", ""0.436"", ""0.667"", ""0.744"", ""0.692"", ""0.897""]";"[""0.219"", ""0.782"", ""0.366"", ""0.650"", ""0.546"", ""0.000"", ""0.500""]";"[""0.794"", ""0.708"", ""0.462"", ""0.625"", ""0.806"", ""0.000"", ""1.000""]";"[""0.871"", ""0.944"", ""0.600"", ""0.588"", ""0.862"", ""0.000"", ""0.333""]";"[""0.795"", ""0.462"", ""0.513"", ""0.436"", ""0.744"", ""0.282"", ""0.154""]";"[""0.872"", ""0.615"", ""0.667"", ""0.410"", ""0.795"", ""0.026"", ""0.051""]";"[""-0.077"", ""-0.154"", ""-0.154"", ""0.026"", ""-0.051"", ""0.256"", ""0.103""]"
585;flags;2;False;meka.classifiers.multilabel.RT;weka.classifiers.trees.REPTree -- -M 17 -L 16;6242;success;0.53;0.53;0.663;0.026;0.47;0.337;0.974;0.676;0.205;0.218;0.804;0.895;0.957;0.628;0.742;0.359;0.571;0.681;0.435;0.484;0.5;0.608;0.007;0.615;"[""0.795"", ""0.462"", ""0.513"", ""0.564"", ""0.744"", ""0.718"", ""0.846""]";"[""0.000"", ""0.000"", ""0.000"", ""0.000"", ""0.000"", ""0.000"", ""0.000""]";"[""0.795"", ""0.462"", ""0.513"", ""0.000"", ""0.744"", ""0.000"", ""0.000""]";"[""1.000"", ""1.000"", ""1.000"", ""0.000"", ""1.000"", ""0.000"", ""0.000""]";"[""0.795"", ""0.462"", ""0.513"", ""0.436"", ""0.744"", ""0.282"", ""0.154""]";"[""1.000"", ""1.000"", ""1.000"", ""0.000"", ""1.000"", ""0.000"", ""0.000""]";"[""-0.205"", ""-0.538"", ""-0.487"", ""0.436"", ""-0.256"", ""0.282"", ""0.154""]"
586;flags;2;False;meka.classifiers.multilabel.CDN -Ic 14 -I 524;weka.classifiers.functions.SGD -- -F 0 -L 0.001 -R 1e-11;99441;success;;;;;;;;;;;;;;;;;;;;;;;;;;;;;;;
587;flags;2;False;meka.classifiers.multilabel.RT;weka.classifiers.trees.LMT -- -M 7 -B -P -W 0.79;22430;success;0.511;0.511;0.637;0.0;0.489;0.363;1.0;0.566;0.231;0.305;0.589;0.922;0.979;0.589;0.826;0.421;0.677;0.688;0.511;0.486;0.402;2.386;0.002;2.388;"[""0.795"", ""0.513"", ""0.462"", ""0.436"", ""0.692"", ""0.718"", ""0.846""]";"[""0.221"", ""0.174"", ""0.000"", ""0.087"", ""0.000"", ""0.000"", ""0.000""]";"[""0.811"", ""0.486"", ""0.486"", ""0.432"", ""0.730"", ""0.000"", ""0.000""]";"[""0.968"", ""1.000"", ""0.900"", ""0.941"", ""0.931"", ""0.000"", ""0.000""]";"[""0.795"", ""0.462"", ""0.513"", ""0.436"", ""0.744"", ""0.282"", ""0.154""]";"[""0.949"", ""0.949"", ""0.949"", ""0.949"", ""0.949"", ""0.000"", ""0.000""]";"[""-0.154"", ""-0.487"", ""-0.436"", ""-0.513"", ""-0.205"", ""0.282"", ""0.154""]"
588;flags;2;False;meka.classifiers.multilabel.RAkEL -N 4 -P 1 -k 3 -M 8;weka.classifiers.trees.REPTree -- -M 26 -L -1 -P;17666;success;0.53;0.53;0.663;0.026;0.47;0.337;0.974;0.676;0.205;0.267;0.759;0.527;0.993;0.628;0.742;0.359;0.571;0.681;0.435;0.484;0.5;0.526;0.004;0.53;"[""0.795"", ""0.462"", ""0.513"", ""0.564"", ""0.744"", ""0.718"", ""0.846""]";"[""0.000"", ""0.000"", ""0.000"", ""0.000"", ""0.000"", ""0.000"", ""0.000""]";"[""0.795"", ""0.462"", ""0.513"", ""0.000"", ""0.744"", ""0.000"", ""0.000""]";"[""1.000"", ""1.000"", ""1.000"", ""0.000"", ""1.000"", ""0.000"", ""0.000""]";"[""0.795"", ""0.462"", ""0.513"", ""0.436"", ""0.744"", ""0.282"", ""0.154""]";"[""1.000"", ""1.000"", ""1.000"", ""0.000"", ""1.000"", ""0.000"", ""0.000""]";"[""-0.205"", ""-0.538"", ""-0.487"", ""0.436"", ""-0.256"", ""0.282"", ""0.154""]"
589;flags;2;False;meka.classifiers.multilabel.CDN -Ic 14 -I 254;weka.classifiers.functions.SGD -- -F 0 -L 0.001 -R 1e-07 -N;80846;success;0.505;0.505;0.674;0.077;0.495;0.326;0.923;0.545;0.231;0.318;0.618;0.659;1.039;0.655;0.689;0.638;0.604;0.672;0.57;0.537;0.571;0.582;0.135;0.717;"[""0.769"", ""0.487"", ""0.641"", ""0.641"", ""0.744"", ""0.615"", ""0.821""]";"[""0.000"", ""0.469"", ""0.511"", ""0.378"", ""0.000"", ""0.640"", ""0.488""]";"[""0.789"", ""0.458"", ""0.875"", ""0.800"", ""0.744"", ""0.400"", ""0.400""]";"[""0.968"", ""0.611"", ""0.350"", ""0.235"", ""1.000"", ""0.727"", ""0.333""]";"[""0.795"", ""0.462"", ""0.513"", ""0.436"", ""0.744"", ""0.282"", ""0.154""]";"[""0.974"", ""0.615"", ""0.205"", ""0.128"", ""1.000"", ""0.513"", ""0.128""]";"[""-0.179"", ""-0.154"", ""0.308"", ""0.308"", ""-0.256"", ""-0.231"", ""0.026""]"
590;flags;2;False;meka.classifiers.multilabel.CDN -Ic 14 -I 524;weka.classifiers.functions.SGD -- -F 0 -L 0.001 -R 1e-11;99441;success;;;;;;;;;;;;;;;;;;;;;;;;;;;;;;;
591;flags;2;False;meka.classifiers.multilabel.CDN -Ic 14 -I 524;weka.classifiers.functions.SGD -- -F 0 -L 0.001 -R 1e-11;99441;success;;;;;;;;;;;;;;;;;;;;;;;;;;;;;;;
592;flags;2;False;meka.classifiers.multilabel.RT;weka.classifiers.trees.REPTree -- -M 42 -L 16;6153;success;0.53;0.53;0.663;0.026;0.47;0.337;0.974;0.676;0.205;0.218;0.804;0.895;0.957;0.628;0.742;0.359;0.571;0.681;0.435;0.484;0.5;0.512;0.001;0.513;"[""0.795"", ""0.462"", ""0.513"", ""0.564"", ""0.744"", ""0.718"", ""0.846""]";"[""0.000"", ""0.000"", ""0.000"", ""0.000"", ""0.000"", ""0.000"", ""0.000""]";"[""0.795"", ""0.462"", ""0.513"", ""0.000"", ""0.744"", ""0.000"", ""0.000""]";"[""1.000"", ""1.000"", ""1.000"", ""0.000"", ""1.000"", ""0.000"", ""0.000""]";"[""0.795"", ""0.462"", ""0.513"", ""0.436"", ""0.744"", ""0.282"", ""0.154""]";"[""1.000"", ""1.000"", ""1.000"", ""0.000"", ""1.000"", ""0.000"", ""0.000""]";"[""-0.205"", ""-0.538"", ""-0.487"", ""0.436"", ""-0.256"", ""0.282"", ""0.154""]"
593;flags;2;False;meka.classifiers.multilabel.CDN -Ic 14 -I 524;weka.classifiers.functions.SGD -- -F 0 -L 0.001 -R 1e-11;99441;success;;;;;;;;;;;;;;;;;;;;;;;;;;;;;;;
594;flags;2;False;meka.classifiers.multilabel.RT;weka.classifiers.trees.REPTree -- -M 57 -L 16;6153;success;;;;;;;;;;;;;;;;;;;;;;;;;;;;;;;
595;flags;2;False;meka.classifiers.multilabel.RT;weka.classifiers.trees.REPTree -- -M 57 -L 16;6153;success;;;;;;;;;;;;;;;;;;;;;;;;;;;;;;;
596;flags;2;False;meka.classifiers.multilabel.CDN -Ic 14 -I 524;weka.classifiers.functions.SGD -- -F 0 -L 0.001 -R 1e-11;99441;success;;;;;;;;;;;;;;;;;;;;;;;;;;;;;;;
597;flags;2;False;meka.classifiers.multilabel.CDN -Ic 14 -I 524;weka.classifiers.functions.SGD -- -F 0 -L 0.001 -R 1e-11;99441;success;;;;;;;;;;;;;;;;;;;;;;;;;;;;;;;
598;flags;2;False;meka.classifiers.multilabel.RT;weka.classifiers.trees.REPTree -- -M 57 -L 16;6153;success;;;;;;;;;;;;;;;;;;;;;;;;;;;;;;;
599;flags;2;True;meka.classifiers.multilabel.BPNN -E 86 -H 9 -r 0.019 -m 0.8;;9636;success;;;;;;;;;;;;;;;;;;;;;;;;;;;;;;;
600;flags;2;False;meka.classifiers.multilabel.RT;weka.classifiers.trees.REPTree -- -M 57 -L 16;6153;success;;;;;;;;;;;;;;;;;;;;;;;;;;;;;;;
601;flags;2;False;meka.classifiers.multilabel.CDN -Ic 14 -I 524;weka.classifiers.functions.SGD -- -F 0 -L 0.001 -R 1e-11;99441;success;;;;;;;;;;;;;;;;;;;;;;;;;;;;;;;
602;flags;2;False;meka.classifiers.multilabel.CDN -Ic 14 -I 254;weka.classifiers.functions.SGD -- -F 0 -L 0.001 -R 1e-11 -M;88504;success;0.61;0.61;0.747;0.179;0.39;0.253;0.821;0.729;0.205;0.238;0.688;0.52;0.804;0.72;0.78;0.591;0.673;0.749;0.627;0.581;0.642;0.443;0.174;0.617;"[""0.795"", ""0.821"", ""0.692"", ""0.667"", ""0.692"", ""0.718"", ""0.846""]";"[""0.000"", ""0.813"", ""0.692"", ""0.667"", ""0.603"", ""0.644"", ""0.000""]";"[""0.795"", ""0.739"", ""0.700"", ""0.591"", ""0.815"", ""0.500"", ""0.000""]";"[""1.000"", ""0.944"", ""0.700"", ""0.765"", ""0.759"", ""0.545"", ""0.000""]";"[""0.795"", ""0.462"", ""0.513"", ""0.436"", ""0.744"", ""0.282"", ""0.154""]";"[""1.000"", ""0.590"", ""0.513"", ""0.564"", ""0.692"", ""0.308"", ""0.000""]";"[""-0.205"", ""-0.128"", ""0.000"", ""-0.128"", ""0.051"", ""-0.026"", ""0.154""]"
603;flags;2;False;meka.classifiers.multilabel.RT;weka.classifiers.trees.REPTree -- -M 57 -L 16;6153;success;;;;;;;;;;;;;;;;;;;;;;;;;;;;;;;
604;flags;2;False;meka.classifiers.multilabel.CDN -Ic 14 -I 524;weka.classifiers.functions.SGD -- -F 0 -L 0.001 -R 1e-11;99441;success;;;;;;;;;;;;;;;;;;;;;;;;;;;;;;;
605;flags;2;False;meka.classifiers.multilabel.RT;weka.classifiers.trees.REPTree -- -M 42 -L 16;6153;success;;;;;;;;;;;;;;;;;;;;;;;;;;;;;;;
606;flags;2;False;meka.classifiers.multilabel.RT;weka.classifiers.trees.REPTree -- -M 57 -L 16;6153;success;;;;;;;;;;;;;;;;;;;;;;;;;;;;;;;
607;flags;2;False;meka.classifiers.multilabel.CDN -Ic 52 -I 805;weka.classifiers.rules.JRip -- -N 3.5 -E -O 3;59272;success;;;;;;;;;;;;;;;;;;;;;;;;;;;;;;;
608;flags;2;False;meka.classifiers.multilabel.CDN -Ic 14 -I 254;weka.classifiers.functions.SGD -- -F 0 -L 0.001 -R 1e-11 -M;88504;success;;;;;;;;;;;;;;;;;;;;;;;;;;;;;;;
609;flags;2;False;meka.classifiers.multilabel.RT;weka.classifiers.rules.PART -- -M 57;7101;success;0.53;0.53;0.663;0.026;0.47;0.337;0.974;0.676;0.205;0.218;0.804;0.895;0.957;0.628;0.742;0.359;0.571;0.681;0.435;0.484;0.5;0.484;0.002;0.486;"[""0.795"", ""0.462"", ""0.513"", ""0.564"", ""0.744"", ""0.718"", ""0.846""]";"[""0.000"", ""0.000"", ""0.000"", ""0.000"", ""0.000"", ""0.000"", ""0.000""]";"[""0.795"", ""0.462"", ""0.513"", ""0.000"", ""0.744"", ""0.000"", ""0.000""]";"[""1.000"", ""1.000"", ""1.000"", ""0.000"", ""1.000"", ""0.000"", ""0.000""]";"[""0.795"", ""0.462"", ""0.513"", ""0.436"", ""0.744"", ""0.282"", ""0.154""]";"[""1.000"", ""1.000"", ""1.000"", ""0.000"", ""1.000"", ""0.000"", ""0.000""]";"[""-0.205"", ""-0.538"", ""-0.487"", ""0.436"", ""-0.256"", ""0.282"", ""0.154""]"
610;flags;2;False;meka.classifiers.multilabel.RT;weka.classifiers.trees.REPTree -- -M 57 -L 16;6153;success;;;;;;;;;;;;;;;;;;;;;;;;;;;;;;;
611;flags;2;False;meka.classifiers.multilabel.RT;weka.classifiers.trees.REPTree -- -M 57 -L 16;6153;success;;;;;;;;;;;;;;;;;;;;;;;;;;;;;;;
612;flags;2;False;meka.classifiers.multilabel.CDN -Ic 34 -I 254;weka.classifiers.rules.JRip -- -N 3.1 -P -O 4;65580;success;0.571;0.571;0.722;0.128;0.429;0.278;0.872;0.68;0.359;0.3;0.723;0.592;0.785;0.709;0.72;0.587;0.623;0.714;0.596;0.617;0.61;0.645;0.079;0.724;"[""0.872"", ""0.846"", ""0.692"", ""0.487"", ""0.590"", ""0.718"", ""0.846""]";"[""0.659"", ""0.843"", ""0.692"", ""0.439"", ""0.593"", ""0.585"", ""0.000""]";"[""0.882"", ""0.773"", ""0.700"", ""0.444"", ""0.810"", ""0.500"", ""0.000""]";"[""0.968"", ""0.944"", ""0.700"", ""0.706"", ""0.586"", ""0.455"", ""0.000""]";"[""0.795"", ""0.462"", ""0.513"", ""0.436"", ""0.744"", ""0.282"", ""0.154""]";"[""0.872"", ""0.564"", ""0.513"", ""0.692"", ""0.538"", ""0.256"", ""0.000""]";"[""-0.077"", ""-0.103"", ""0.000"", ""-0.256"", ""0.205"", ""0.026"", ""0.154""]"
613;flags;2;False;meka.classifiers.multilabel.CDN -Ic 14 -I 254;weka.classifiers.functions.SGD -- -F 0 -L 0.001 -R 1e-11 -M;88504;success;;;;;;;;;;;;;;;;;;;;;;;;;;;;;;;
614;flags;2;False;meka.classifiers.multilabel.RT;weka.classifiers.trees.REPTree -- -M 57 -L 16;6153;success;;;;;;;;;;;;;;;;;;;;;;;;;;;;;;;
615;flags;2;False;meka.classifiers.multilabel.RT;weka.classifiers.trees.REPTree -- -M 57 -L 16;6153;success;;;;;;;;;;;;;;;;;;;;;;;;;;;;;;;
616;flags;2;False;meka.classifiers.multilabel.CDN -Ic 14 -I 254;weka.classifiers.functions.SGD -- -F 0 -L 0.001 -R 1e-11 -M;88504;success;;;;;;;;;;;;;;;;;;;;;;;;;;;;;;;
617;flags;2;False;meka.classifiers.multilabel.RT;weka.classifiers.trees.REPTree -- -M 57 -L 16;6153;success;;;;;;;;;;;;;;;;;;;;;;;;;;;;;;;
618;flags;2;False;meka.classifiers.multilabel.CDN -Ic 14 -I 254;weka.classifiers.functions.SGD -- -F 0 -L 0.001 -R 1e-11 -M;88504;success;;;;;;;;;;;;;;;;;;;;;;;;;;;;;;;
619;flags;2;False;meka.classifiers.multilabel.CDN -Ic 14 -I 254;weka.classifiers.functions.SGD -- -F 0 -L 0.001 -R 1e-07 -M;88504;success;0.61;0.61;0.747;0.179;0.39;0.253;0.821;0.729;0.205;0.238;0.688;0.52;0.804;0.72;0.78;0.591;0.673;0.749;0.627;0.581;0.642;0.859;0.302;1.161;"[""0.795"", ""0.821"", ""0.692"", ""0.667"", ""0.692"", ""0.718"", ""0.846""]";"[""0.000"", ""0.813"", ""0.692"", ""0.667"", ""0.603"", ""0.644"", ""0.000""]";"[""0.795"", ""0.739"", ""0.700"", ""0.591"", ""0.815"", ""0.500"", ""0.000""]";"[""1.000"", ""0.944"", ""0.700"", ""0.765"", ""0.759"", ""0.545"", ""0.000""]";"[""0.795"", ""0.462"", ""0.513"", ""0.436"", ""0.744"", ""0.282"", ""0.154""]";"[""1.000"", ""0.590"", ""0.513"", ""0.564"", ""0.692"", ""0.308"", ""0.000""]";"[""-0.205"", ""-0.128"", ""0.000"", ""-0.128"", ""0.051"", ""-0.026"", ""0.154""]"
620;flags;2;False;meka.classifiers.multilabel.CDN -Ic 14 -I 254;weka.classifiers.functions.SGD -- -F 0 -L 0.001 -R 1e-11 -M;88504;success;;;;;;;;;;;;;;;;;;;;;;;;;;;;;;;
621;flags;2;False;meka.classifiers.multilabel.CDN -Ic 14 -I 254;weka.classifiers.rules.JRip -- -N 1.4 -P -O 4;71956;success;0.483;0.483;0.648;0.077;0.517;0.352;0.923;0.583;0.308;0.347;0.633;0.711;1.071;0.636;0.636;0.549;0.575;0.636;0.544;0.551;0.585;0.661;0.103;0.764;"[""0.667"", ""0.769"", ""0.667"", ""0.462"", ""0.487"", ""0.667"", ""0.821""]";"[""0.378"", ""0.748"", ""0.648"", ""0.350"", ""0.513"", ""0.619"", ""0.000""]";"[""0.800"", ""0.680"", ""0.733"", ""0.433"", ""0.765"", ""0.429"", ""0.000""]";"[""0.774"", ""0.944"", ""0.550"", ""0.765"", ""0.448"", ""0.545"", ""0.000""]";"[""0.795"", ""0.462"", ""0.513"", ""0.436"", ""0.744"", ""0.282"", ""0.154""]";"[""0.769"", ""0.641"", ""0.385"", ""0.769"", ""0.436"", ""0.359"", ""0.026""]";"[""0.026"", ""-0.179"", ""0.128"", ""-0.333"", ""0.308"", ""-0.077"", ""0.128""]"
622;flags;2;False;meka.classifiers.multilabel.RT;weka.classifiers.trees.REPTree -- -M 57 -L 16;6153;success;;;;;;;;;;;;;;;;;;;;;;;;;;;;;;;
623;flags;2;False;meka.classifiers.multilabel.CDN -Ic 14 -I 254;weka.classifiers.functions.SGD -- -F 0 -L 0.001 -R 1e-11 -M;88504;success;;;;;;;;;;;;;;;;;;;;;;;;;;;;;;;
624;flags;2;False;meka.classifiers.multilabel.RT;weka.classifiers.trees.REPTree -- -M 57 -L -1;6153;success;0.53;0.53;0.663;0.026;0.47;0.337;0.974;0.676;0.205;0.218;0.804;0.895;0.957;0.628;0.742;0.359;0.571;0.681;0.435;0.484;0.5;0.697;0.002;0.699;"[""0.795"", ""0.462"", ""0.513"", ""0.564"", ""0.744"", ""0.718"", ""0.846""]";"[""0.000"", ""0.000"", ""0.000"", ""0.000"", ""0.000"", ""0.000"", ""0.000""]";"[""0.795"", ""0.462"", ""0.513"", ""0.000"", ""0.744"", ""0.000"", ""0.000""]";"[""1.000"", ""1.000"", ""1.000"", ""0.000"", ""1.000"", ""0.000"", ""0.000""]";"[""0.795"", ""0.462"", ""0.513"", ""0.436"", ""0.744"", ""0.282"", ""0.154""]";"[""1.000"", ""1.000"", ""1.000"", ""0.000"", ""1.000"", ""0.000"", ""0.000""]";"[""-0.205"", ""-0.538"", ""-0.487"", ""0.436"", ""-0.256"", ""0.282"", ""0.154""]"
625;flags;2;False;meka.classifiers.multilabel.CDN -Ic 14 -I 254;weka.classifiers.functions.SGD -- -F 0 -L 0.001 -R 1e-11 -M;88504;success;;;;;;;;;;;;;;;;;;;;;;;;;;;;;;;
626;flags;2;False;meka.classifiers.multilabel.RT;weka.classifiers.rules.PART -- -M 57;7101;success;;;;;;;;;;;;;;;;;;;;;;;;;;;;;;;
627;flags;2;False;meka.classifiers.multilabel.CDN -Ic 14 -I 805;weka.classifiers.rules.JRip -- -N 3.5 -E -O 3;59272;success;0.593;0.593;0.736;0.154;0.407;0.264;0.846;0.695;0.256;0.238;0.762;0.536;0.584;0.717;0.75;0.587;0.61;0.733;0.573;0.622;0.666;0.932;0.165;1.097;"[""0.821"", ""0.795"", ""0.744"", ""0.538"", ""0.667"", ""0.744"", ""0.846""]";"[""0.535"", ""0.782"", ""0.705"", ""0.500"", ""0.000"", ""0.306"", ""0.000""]";"[""0.853"", ""0.708"", ""0.692"", ""0.467"", ""0.722"", ""0.667"", ""0.000""]";"[""0.935"", ""0.944"", ""0.900"", ""0.412"", ""0.897"", ""0.182"", ""0.000""]";"[""0.795"", ""0.462"", ""0.513"", ""0.436"", ""0.744"", ""0.282"", ""0.154""]";"[""0.872"", ""0.615"", ""0.667"", ""0.385"", ""0.923"", ""0.077"", ""0.000""]";"[""-0.077"", ""-0.154"", ""-0.154"", ""0.051"", ""-0.179"", ""0.205"", ""0.154""]"
628;flags;2;False;meka.classifiers.multilabel.RT;weka.classifiers.trees.REPTree -- -M 57 -L 16;6153;success;;;;;;;;;;;;;;;;;;;;;;;;;;;;;;;
629;flags;2;False;meka.classifiers.multilabel.CDN -Ic 34 -I 254;weka.classifiers.functions.SGD -- -F 0 -L 0.001 -R 1e-07 -N -M;70205;success;0.505;0.505;0.674;0.077;0.495;0.326;0.923;0.545;0.231;0.318;0.618;0.644;1.18;0.655;0.689;0.638;0.604;0.672;0.57;0.537;0.571;0.847;0.204;1.051;"[""0.769"", ""0.487"", ""0.641"", ""0.641"", ""0.744"", ""0.615"", ""0.821""]";"[""0.000"", ""0.469"", ""0.511"", ""0.378"", ""0.000"", ""0.640"", ""0.488""]";"[""0.789"", ""0.458"", ""0.875"", ""0.800"", ""0.744"", ""0.400"", ""0.400""]";"[""0.968"", ""0.611"", ""0.350"", ""0.235"", ""1.000"", ""0.727"", ""0.333""]";"[""0.795"", ""0.462"", ""0.513"", ""0.436"", ""0.744"", ""0.282"", ""0.154""]";"[""0.974"", ""0.615"", ""0.205"", ""0.128"", ""1.000"", ""0.513"", ""0.128""]";"[""-0.179"", ""-0.154"", ""0.308"", ""0.308"", ""-0.256"", ""-0.231"", ""0.026""]"
630;flags;2;False;meka.classifiers.multilabel.CDN -Ic 52 -I 254;weka.classifiers.functions.SGD -- -F 0 -L 0.001 -R 1e-11;99441;success;0.61;0.61;0.747;0.179;0.39;0.253;0.821;0.729;0.205;0.238;0.688;0.499;0.933;0.72;0.78;0.591;0.673;0.749;0.627;0.581;0.642;0.981;0.269;1.25;"[""0.795"", ""0.821"", ""0.692"", ""0.667"", ""0.692"", ""0.718"", ""0.846""]";"[""0.000"", ""0.813"", ""0.692"", ""0.667"", ""0.603"", ""0.644"", ""0.000""]";"[""0.795"", ""0.739"", ""0.700"", ""0.591"", ""0.815"", ""0.500"", ""0.000""]";"[""1.000"", ""0.944"", ""0.700"", ""0.765"", ""0.759"", ""0.545"", ""0.000""]";"[""0.795"", ""0.462"", ""0.513"", ""0.436"", ""0.744"", ""0.282"", ""0.154""]";"[""1.000"", ""0.590"", ""0.513"", ""0.564"", ""0.692"", ""0.308"", ""0.000""]";"[""-0.205"", ""-0.128"", ""0.000"", ""-0.128"", ""0.051"", ""-0.026"", ""0.154""]"
631;flags;2;False;meka.classifiers.multilabel.RT;weka.classifiers.trees.REPTree -- -M 57 -L -1;6153;success;;;;;;;;;;;;;;;;;;;;;;;;;;;;;;;
632;flags;2;False;meka.classifiers.multilabel.CDN -Ic 14 -I 254;weka.classifiers.functions.SGD -- -F 0 -L 0.001 -R 1e-11 -M;88504;success;;;;;;;;;;;;;;;;;;;;;;;;;;;;;;;
633;flags;2;False;meka.classifiers.multilabel.RT;weka.classifiers.trees.REPTree -- -M 57 -L 16;6153;success;;;;;;;;;;;;;;;;;;;;;;;;;;;;;;;
634;flags;2;False;meka.classifiers.multilabel.RT;weka.classifiers.trees.REPTree -- -M 57 -L 16;6153;success;;;;;;;;;;;;;;;;;;;;;;;;;;;;;;;
635;flags;2;False;meka.classifiers.multilabel.CDN -Ic 14 -I 254;weka.classifiers.functions.SGD -- -F 0 -L 0.001 -R 1e-11 -M;88504;success;;;;;;;;;;;;;;;;;;;;;;;;;;;;;;;
636;flags;2;False;meka.classifiers.multilabel.RT;weka.classifiers.trees.REPTree -- -M 57 -L -1;6153;success;;;;;;;;;;;;;;;;;;;;;;;;;;;;;;;
637;flags;2;False;meka.classifiers.multilabel.CDN -Ic 14 -I 254;weka.classifiers.functions.SGD -- -F 0 -L 0.001 -R 1e-11 -M;88504;success;;;;;;;;;;;;;;;;;;;;;;;;;;;;;;;
638;flags;2;False;meka.classifiers.multilabel.RT;weka.classifiers.trees.REPTree -- -M 57 -L -1;6153;success;;;;;;;;;;;;;;;;;;;;;;;;;;;;;;;
639;flags;2;False;meka.classifiers.multilabel.CDN -Ic 14 -I 254;weka.classifiers.functions.SGD -- -F 0 -L 0.001 -R 1e-11 -M;88504;success;;;;;;;;;;;;;;;;;;;;;;;;;;;;;;;
640;flags;2;False;meka.classifiers.multilabel.RT;weka.classifiers.trees.REPTree -- -M 57 -L 16;6153;success;;;;;;;;;;;;;;;;;;;;;;;;;;;;;;;
641;flags;2;False;meka.classifiers.multilabel.CDN -Ic 14 -I 254;weka.classifiers.functions.SGD -- -F 0 -L 0.001 -R 1e-11 -M;88504;success;;;;;;;;;;;;;;;;;;;;;;;;;;;;;;;
642;flags;2;False;meka.classifiers.multilabel.CDN -Ic 14 -I 254;weka.classifiers.functions.SGD -- -F 0 -L 0.001 -R 1e-11 -M;88504;success;;;;;;;;;;;;;;;;;;;;;;;;;;;;;;;
643;flags;2;False;meka.classifiers.multilabel.RT;weka.classifiers.trees.REPTree -- -M 57 -L -1;6153;success;;;;;;;;;;;;;;;;;;;;;;;;;;;;;;;
644;flags;2;False;meka.classifiers.multilabel.RT;weka.classifiers.trees.REPTree -- -M 57 -L 16;6153;success;;;;;;;;;;;;;;;;;;;;;;;;;;;;;;;
645;flags;2;False;meka.classifiers.multilabel.RT;weka.classifiers.rules.PART -- -M 57;7101;success;;;;;;;;;;;;;;;;;;;;;;;;;;;;;;;
646;flags;2;False;meka.classifiers.multilabel.CDN -Ic 14 -I 254;weka.classifiers.functions.SGD -- -F 0 -L 0.001 -R 1e-11 -M;88504;success;;;;;;;;;;;;;;;;;;;;;;;;;;;;;;;
647;flags;2;False;meka.classifiers.multilabel.RT;weka.classifiers.trees.REPTree -- -M 57 -L -1;6153;success;;;;;;;;;;;;;;;;;;;;;;;;;;;;;;;
648;flags;2;False;meka.classifiers.multilabel.CDN -Ic 34 -I 254;weka.classifiers.rules.JRip -- -N 3.1 -P -O 4;65580;success;;;;;;;;;;;;;;;;;;;;;;;;;;;;;;;
649;flags;2;False;meka.classifiers.multilabel.RT;weka.classifiers.trees.REPTree -- -M 57 -L -1;6153;success;;;;;;;;;;;;;;;;;;;;;;;;;;;;;;;
650;flags;2;False;meka.classifiers.multilabel.RT;weka.classifiers.rules.PART -- -M 57;7101;success;;;;;;;;;;;;;;;;;;;;;;;;;;;;;;;
651;flags;2;False;meka.classifiers.multilabel.RT;weka.classifiers.trees.REPTree -- -M 57 -L -1;6153;success;;;;;;;;;;;;;;;;;;;;;;;;;;;;;;;
652;flags;2;False;meka.classifiers.multilabel.CDN -Ic 14 -I 254;weka.classifiers.functions.SGD -- -F 0 -L 0.001 -R 1e-11 -N -M;70205;success;0.505;0.505;0.674;0.077;0.495;0.326;0.923;0.545;0.231;0.318;0.618;0.659;1.039;0.655;0.689;0.638;0.604;0.672;0.57;0.537;0.571;0.446;0.113;0.559;"[""0.769"", ""0.487"", ""0.641"", ""0.641"", ""0.744"", ""0.615"", ""0.821""]";"[""0.000"", ""0.469"", ""0.511"", ""0.378"", ""0.000"", ""0.640"", ""0.488""]";"[""0.789"", ""0.458"", ""0.875"", ""0.800"", ""0.744"", ""0.400"", ""0.400""]";"[""0.968"", ""0.611"", ""0.350"", ""0.235"", ""1.000"", ""0.727"", ""0.333""]";"[""0.795"", ""0.462"", ""0.513"", ""0.436"", ""0.744"", ""0.282"", ""0.154""]";"[""0.974"", ""0.615"", ""0.205"", ""0.128"", ""1.000"", ""0.513"", ""0.128""]";"[""-0.179"", ""-0.154"", ""0.308"", ""0.308"", ""-0.256"", ""-0.231"", ""0.026""]"
653;flags;2;False;meka.classifiers.multilabel.CDN -Ic 34 -I 254;weka.classifiers.rules.JRip -- -N 3.1 -P -O 4;65580;success;;;;;;;;;;;;;;;;;;;;;;;;;;;;;;;
654;flags;2;False;meka.classifiers.multilabel.RT;weka.classifiers.trees.REPTree -- -M 57 -L 16;6153;success;;;;;;;;;;;;;;;;;;;;;;;;;;;;;;;
655;flags;2;False;meka.classifiers.multilabel.RT;weka.classifiers.trees.REPTree -- -M 57 -L 16;6153;success;;;;;;;;;;;;;;;;;;;;;;;;;;;;;;;
656;flags;2;False;meka.classifiers.multilabel.CDN -Ic 14 -I 254;weka.classifiers.functions.SGD -- -F 0 -L 0.001 -R 1e-11 -M;88504;success;;;;;;;;;;;;;;;;;;;;;;;;;;;;;;;
657;flags;2;False;meka.classifiers.multilabel.RT;weka.classifiers.trees.REPTree -- -M 57 -L -1;6153;success;;;;;;;;;;;;;;;;;;;;;;;;;;;;;;;
658;flags;2;False;meka.classifiers.multilabel.CDN -Ic 14 -I 254;weka.classifiers.functions.SGD -- -F 0 -L 0.001 -R 1e-11 -M;88504;success;;;;;;;;;;;;;;;;;;;;;;;;;;;;;;;
659;flags;2;True;meka.classifiers.multilabel.BPNN -E 86 -H 9 -r 0.019 -m 0.8;;9636;success;;;;;;;;;;;;;;;;;;;;;;;;;;;;;;;
660;flags;2;False;meka.classifiers.multilabel.CDN -Ic 14 -I 254;weka.classifiers.rules.JRip -- -N 1.4 -P -O 4;71956;success;;;;;;;;;;;;;;;;;;;;;;;;;;;;;;;
661;flags;2;False;meka.classifiers.multilabel.RT;weka.classifiers.rules.PART -- -M 57;7101;success;;;;;;;;;;;;;;;;;;;;;;;;;;;;;;;
662;flags;2;False;meka.classifiers.multilabel.CDN -Ic 14 -I 805;weka.classifiers.rules.JRip -- -N 3.5 -O 4;59745;success;0.616;0.616;0.744;0.179;0.384;0.256;0.821;0.667;0.179;0.221;0.798;0.512;0.56;0.715;0.78;0.577;0.653;0.746;0.604;0.649;0.691;0.519;0.151;0.67;"[""0.821"", ""0.795"", ""0.692"", ""0.615"", ""0.718"", ""0.718"", ""0.846""]";"[""0.535"", ""0.782"", ""0.650"", ""0.615"", ""0.445"", ""0.418"", ""0.000""]";"[""0.853"", ""0.708"", ""0.654"", ""0.545"", ""0.781"", ""0.500"", ""0.000""]";"[""0.935"", ""0.944"", ""0.850"", ""0.706"", ""0.862"", ""0.273"", ""0.000""]";"[""0.795"", ""0.462"", ""0.513"", ""0.436"", ""0.744"", ""0.282"", ""0.154""]";"[""0.872"", ""0.615"", ""0.667"", ""0.564"", ""0.821"", ""0.154"", ""0.000""]";"[""-0.077"", ""-0.154"", ""-0.154"", ""-0.128"", ""-0.077"", ""0.128"", ""0.154""]"
663;flags;2;False;meka.classifiers.multilabel.CDN -Ic 14 -I 254;weka.classifiers.functions.SGD -- -F 0 -L 0.001 -R 1e-11 -M;88504;success;;;;;;;;;;;;;;;;;;;;;;;;;;;;;;;
664;flags;2;False;meka.classifiers.multilabel.CDN -Ic 34 -I 254;weka.classifiers.rules.JRip -- -N 1.4 -P -O 4;71956;success;0.492;0.492;0.648;0.128;0.508;0.352;0.872;0.577;0.308;0.359;0.631;0.703;1.203;0.636;0.636;0.548;0.574;0.636;0.543;0.554;0.592;0.6;0.108;0.708;"[""0.692"", ""0.744"", ""0.692"", ""0.462"", ""0.462"", ""0.667"", ""0.821""]";"[""0.382"", ""0.730"", ""0.682"", ""0.350"", ""0.490"", ""0.619"", ""0.000""]";"[""0.806"", ""0.667"", ""0.750"", ""0.433"", ""0.750"", ""0.429"", ""0.000""]";"[""0.806"", ""0.889"", ""0.600"", ""0.765"", ""0.414"", ""0.545"", ""0.000""]";"[""0.795"", ""0.462"", ""0.513"", ""0.436"", ""0.744"", ""0.282"", ""0.154""]";"[""0.795"", ""0.615"", ""0.410"", ""0.769"", ""0.410"", ""0.359"", ""0.026""]";"[""0.000"", ""-0.154"", ""0.103"", ""-0.333"", ""0.333"", ""-0.077"", ""0.128""]"
665;flags;2;False;meka.classifiers.multilabel.RT;weka.classifiers.trees.REPTree -- -M 57 -L -1;6153;success;;;;;;;;;;;;;;;;;;;;;;;;;;;;;;;
666;flags;2;False;meka.classifiers.multilabel.CDN -Ic 14 -I 254;weka.classifiers.functions.SGD -- -F 0 -L 0.001 -R 1e-11 -M;88504;success;;;;;;;;;;;;;;;;;;;;;;;;;;;;;;;
667;flags;2;False;meka.classifiers.multilabel.RT;weka.classifiers.rules.PART -- -M 57;7101;success;;;;;;;;;;;;;;;;;;;;;;;;;;;;;;;
668;flags;2;False;meka.classifiers.multilabel.CDN -Ic 14 -I 254;weka.classifiers.functions.SGD -- -F 0 -L 0.001 -R 1e-07 -M;88504;success;;;;;;;;;;;;;;;;;;;;;;;;;;;;;;;
669;flags;2;False;meka.classifiers.multilabel.RT;weka.classifiers.rules.PART -- -M 57;7101;success;;;;;;;;;;;;;;;;;;;;;;;;;;;;;;;
670;flags;2;False;meka.classifiers.multilabel.CDN -Ic 34 -I 254;weka.classifiers.functions.SGD -- -F 0 -L 0.001 -R 1e-07 -N -M;70205;success;;;;;;;;;;;;;;;;;;;;;;;;;;;;;;;
671;flags;2;False;meka.classifiers.multilabel.RT;weka.classifiers.trees.REPTree -- -M 57 -L -1;6153;success;;;;;;;;;;;;;;;;;;;;;;;;;;;;;;;
672;flags;2;False;meka.classifiers.multilabel.CDN -Ic 34 -I 254;weka.classifiers.functions.SGD -- -F 0 -L 1e-05 -R 1e-07 -M;88504;success;0.636;0.636;0.766;0.154;0.364;0.234;0.846;0.768;0.205;0.258;0.724;0.467;0.853;0.754;0.765;0.567;0.6;0.759;0.552;0.573;0.602;0.506;0.158;0.664;"[""0.795"", ""0.872"", ""0.667"", ""0.718"", ""0.744"", ""0.718"", ""0.846""]";"[""0.000"", ""0.872"", ""0.574"", ""0.522"", ""0.000"", ""0.000"", ""0.000""]";"[""0.795"", ""0.810"", ""0.621"", ""1.000"", ""0.744"", ""0.000"", ""0.000""]";"[""1.000"", ""0.944"", ""0.900"", ""0.353"", ""1.000"", ""0.000"", ""0.000""]";"[""0.795"", ""0.462"", ""0.513"", ""0.436"", ""0.744"", ""0.282"", ""0.154""]";"[""1.000"", ""0.538"", ""0.744"", ""0.154"", ""1.000"", ""0.000"", ""0.000""]";"[""-0.205"", ""-0.077"", ""-0.231"", ""0.282"", ""-0.256"", ""0.282"", ""0.154""]"
673;flags;2;False;meka.classifiers.multilabel.RT;weka.classifiers.trees.REPTree -- -M 57 -L -1;6153;success;;;;;;;;;;;;;;;;;;;;;;;;;;;;;;;
674;flags;2;False;meka.classifiers.multilabel.CDN -Ic 14 -I 254;weka.classifiers.functions.SGD -- -F 0 -L 1e-05 -R 1e-07 -M;88504;success;0.636;0.636;0.766;0.154;0.364;0.234;0.846;0.768;0.205;0.258;0.724;0.484;0.762;0.754;0.765;0.567;0.6;0.759;0.552;0.573;0.602;0.505;0.143;0.648;"[""0.795"", ""0.872"", ""0.667"", ""0.718"", ""0.744"", ""0.718"", ""0.846""]";"[""0.000"", ""0.872"", ""0.574"", ""0.522"", ""0.000"", ""0.000"", ""0.000""]";"[""0.795"", ""0.810"", ""0.621"", ""1.000"", ""0.744"", ""0.000"", ""0.000""]";"[""1.000"", ""0.944"", ""0.900"", ""0.353"", ""1.000"", ""0.000"", ""0.000""]";"[""0.795"", ""0.462"", ""0.513"", ""0.436"", ""0.744"", ""0.282"", ""0.154""]";"[""1.000"", ""0.538"", ""0.744"", ""0.154"", ""1.000"", ""0.000"", ""0.000""]";"[""-0.205"", ""-0.077"", ""-0.231"", ""0.282"", ""-0.256"", ""0.282"", ""0.154""]"
675;flags;2;False;meka.classifiers.multilabel.RT;weka.classifiers.trees.REPTree -- -M 57 -L -1;6153;success;;;;;;;;;;;;;;;;;;;;;;;;;;;;;;;
676;flags;2;False;meka.classifiers.multilabel.CDN -Ic 14 -I 254;weka.classifiers.functions.SGD -- -F 0 -L 0.001 -R 1e-07 -M;88504;success;;;;;;;;;;;;;;;;;;;;;;;;;;;;;;;
677;flags;2;False;meka.classifiers.multilabel.RT;weka.classifiers.trees.REPTree -- -M 57 -L -1;6153;success;;;;;;;;;;;;;;;;;;;;;;;;;;;;;;;
678;flags;2;False;meka.classifiers.multilabel.CDN -Ic 14 -I 254;weka.classifiers.functions.SGD -- -F 0 -L 0.001 -R 1e-11 -M;88504;success;;;;;;;;;;;;;;;;;;;;;;;;;;;;;;;
679;flags;2;False;meka.classifiers.multilabel.CDN -Ic 14 -I 805;weka.classifiers.rules.JRip -- -N 3.5 -E -O 3;59272;success;;;;;;;;;;;;;;;;;;;;;;;;;;;;;;;
680;flags;2;False;meka.classifiers.multilabel.RT;weka.classifiers.trees.REPTree -- -M 57 -L -1;6153;success;;;;;;;;;;;;;;;;;;;;;;;;;;;;;;;
681;flags;2;False;meka.classifiers.multilabel.RT;weka.classifiers.trees.REPTree -- -M 57 -L -1;6153;success;;;;;;;;;;;;;;;;;;;;;;;;;;;;;;;
682;flags;2;False;meka.classifiers.multilabel.CDN -Ic 14 -I 254;weka.classifiers.functions.SGD -- -F 0 -L 0.001 -R 1e-07 -M;88504;success;;;;;;;;;;;;;;;;;;;;;;;;;;;;;;;
683;flags;2;False;meka.classifiers.multilabel.CDN -Ic 14 -I 805;weka.classifiers.rules.JRip -- -N 3.5 -E -O 3;59272;success;;;;;;;;;;;;;;;;;;;;;;;;;;;;;;;
684;flags;2;False;meka.classifiers.multilabel.RT;weka.classifiers.trees.REPTree -- -M 57 -L -1;6153;success;;;;;;;;;;;;;;;;;;;;;;;;;;;;;;;
685;flags;2;False;meka.classifiers.multilabel.CDN -Ic 14 -I 254;weka.classifiers.functions.SGD -- -F 0 -L 0.001 -R 1e-07 -M;88504;success;;;;;;;;;;;;;;;;;;;;;;;;;;;;;;;
686;flags;2;False;meka.classifiers.multilabel.CDN -Ic 14 -I 254;weka.classifiers.functions.SGD -- -F 0 -L 0.001 -R 1e-07 -M;88504;success;;;;;;;;;;;;;;;;;;;;;;;;;;;;;;;
687;flags;2;False;meka.classifiers.multilabel.CDN -Ic 34 -I 254;weka.classifiers.functions.SGD -- -F 0 -L 0.001 -R 1e-11 -N -M;70205;success;0.505;0.505;0.674;0.077;0.495;0.326;0.923;0.545;0.231;0.318;0.618;0.644;1.18;0.655;0.689;0.638;0.604;0.672;0.57;0.537;0.571;0.429;0.118;0.547;"[""0.769"", ""0.487"", ""0.641"", ""0.641"", ""0.744"", ""0.615"", ""0.821""]";"[""0.000"", ""0.469"", ""0.511"", ""0.378"", ""0.000"", ""0.640"", ""0.488""]";"[""0.789"", ""0.458"", ""0.875"", ""0.800"", ""0.744"", ""0.400"", ""0.400""]";"[""0.968"", ""0.611"", ""0.350"", ""0.235"", ""1.000"", ""0.727"", ""0.333""]";"[""0.795"", ""0.462"", ""0.513"", ""0.436"", ""0.744"", ""0.282"", ""0.154""]";"[""0.974"", ""0.615"", ""0.205"", ""0.128"", ""1.000"", ""0.513"", ""0.128""]";"[""-0.179"", ""-0.154"", ""0.308"", ""0.308"", ""-0.256"", ""-0.231"", ""0.026""]"
688;flags;2;False;meka.classifiers.multilabel.RT;weka.classifiers.trees.REPTree -- -M 57 -L -1;6153;success;;;;;;;;;;;;;;;;;;;;;;;;;;;;;;;
689;flags;2;True;meka.classifiers.multilabel.BPNN -E 86 -H 9 -r 0.019 -m 0.8;;9636;success;;;;;;;;;;;;;;;;;;;;;;;;;;;;;;;
690;flags;2;False;meka.classifiers.multilabel.RT;weka.classifiers.rules.PART -- -M 57;7101;success;;;;;;;;;;;;;;;;;;;;;;;;;;;;;;;
